{
    "Confusion Matrix": [
        [
            364,
            107
        ],
        [
            53,
            254
        ]
    ],
    "Accuracy": 0.794344473007712,
    "Precision": 0.703601108033241,
    "Recall": 0.8273615635179153,
    "F1": 0.7604790419161677,
    "MCC": 0.5882248911799324,
    "AUC": 0.8799145210481546,
    "AUPR": 0.8144690862265965,
    "FP Rate": 0.22717622080679406,
    "FN Rate": 0.17263843648208468,
    "Class Report": {
        "0": {
            "precision": 0.8729016786570744,
            "recall": 0.772823779193206,
            "f1-score": 0.8198198198198198,
            "support": 471.0
        },
        "1": {
            "precision": 0.703601108033241,
            "recall": 0.8273615635179153,
            "f1-score": 0.7604790419161677,
            "support": 307.0
        },
        "accuracy": 0.794344473007712,
        "macro avg": {
            "precision": 0.7882513933451577,
            "recall": 0.8000926713555607,
            "f1-score": 0.7901494308679937,
            "support": 778.0
        },
        "weighted avg": {
            "precision": 0.8060954123569242,
            "recall": 0.794344473007712,
            "f1-score": 0.7964038573308465,
            "support": 778.0
        }
    }
}