{
    "Confusion Matrix": [
        [
            358,
            112
        ],
        [
            75,
            232
        ]
    ],
    "Accuracy": 0.7593307593307593,
    "Precision": 0.6744186046511628,
    "Recall": 0.755700325732899,
    "F1": 0.7127496159754224,
    "MCC": 0.509241080494486,
    "AUC": 0.8550072770115739,
    "AUPR": 0.7802414263398334,
    "FP Rate": 0.23829787234042554,
    "FN Rate": 0.24429967426710097,
    "Class Report": {
        "0": {
            "precision": 0.8267898383371824,
            "recall": 0.7617021276595745,
            "f1-score": 0.7929125138427464,
            "support": 470.0
        },
        "1": {
            "precision": 0.6744186046511628,
            "recall": 0.755700325732899,
            "f1-score": 0.7127496159754224,
            "support": 307.0
        },
        "accuracy": 0.7593307593307593,
        "macro avg": {
            "precision": 0.7506042214941726,
            "recall": 0.7587012266962367,
            "f1-score": 0.7528310649090844,
            "support": 777.0
        },
        "weighted avg": {
            "precision": 0.7665865323634269,
            "recall": 0.7593307593307593,
            "f1-score": 0.7612393997561718,
            "support": 777.0
        }
    }
}