{
    "Confusion Matrix": [
        [
            386,
            85
        ],
        [
            80,
            227
        ]
    ],
    "Accuracy": 0.787917737789203,
    "Precision": 0.7275641025641025,
    "Recall": 0.739413680781759,
    "F1": 0.7334410339256866,
    "MCC": 0.5574163414467732,
    "AUC": 0.8675214561851214,
    "AUPR": 0.7951905588603421,
    "FP Rate": 0.18046709129511676,
    "FN Rate": 0.26058631921824105,
    "Class Report": {
        "0": {
            "precision": 0.8283261802575107,
            "recall": 0.8195329087048833,
            "f1-score": 0.823906083244397,
            "support": 471.0
        },
        "1": {
            "precision": 0.7275641025641025,
            "recall": 0.739413680781759,
            "f1-score": 0.7334410339256866,
            "support": 307.0
        },
        "accuracy": 0.787917737789203,
        "macro avg": {
            "precision": 0.7779451414108066,
            "recall": 0.7794732947433212,
            "f1-score": 0.7786735585850417,
            "support": 778.0
        },
        "weighted avg": {
            "precision": 0.7885653089826055,
            "recall": 0.787917737789203,
            "f1-score": 0.7882084352484534,
            "support": 778.0
        }
    }
}