{
    "Confusion Matrix": [
        [
            356,
            115
        ],
        [
            59,
            248
        ]
    ],
    "Accuracy": 0.7763496143958869,
    "Precision": 0.6831955922865014,
    "Recall": 0.8078175895765473,
    "F1": 0.7402985074626866,
    "MCC": 0.5522256722664811,
    "AUC": 0.86617288048853,
    "AUPR": 0.8045029659711761,
    "FP Rate": 0.24416135881104034,
    "FN Rate": 0.19218241042345277,
    "Class Report": {
        "0": {
            "precision": 0.8578313253012049,
            "recall": 0.7558386411889597,
            "f1-score": 0.8036117381489842,
            "support": 471.0
        },
        "1": {
            "precision": 0.6831955922865014,
            "recall": 0.8078175895765473,
            "f1-score": 0.7402985074626866,
            "support": 307.0
        },
        "accuracy": 0.7763496143958869,
        "macro avg": {
            "precision": 0.7705134587938531,
            "recall": 0.7818281153827535,
            "f1-score": 0.7719551228058354,
            "support": 778.0
        },
        "weighted avg": {
            "precision": 0.7889197956925751,
            "recall": 0.7763496143958869,
            "f1-score": 0.7786282396648025,
            "support": 778.0
        }
    }
}