{
    "Confusion Matrix": [
        [
            372,
            99
        ],
        [
            60,
            246
        ]
    ],
    "Accuracy": 0.7953667953667953,
    "Precision": 0.7130434782608696,
    "Recall": 0.803921568627451,
    "F1": 0.7557603686635944,
    "MCC": 0.5838604998511407,
    "AUC": 0.8712168519212355,
    "AUPR": 0.803698499737918,
    "FP Rate": 0.21019108280254778,
    "FN Rate": 0.19607843137254902,
    "Class Report": {
        "0": {
            "precision": 0.8611111111111112,
            "recall": 0.7898089171974523,
            "f1-score": 0.8239202657807309,
            "support": 471.0
        },
        "1": {
            "precision": 0.7130434782608696,
            "recall": 0.803921568627451,
            "f1-score": 0.7557603686635944,
            "support": 306.0
        },
        "accuracy": 0.7953667953667953,
        "macro avg": {
            "precision": 0.7870772946859903,
            "recall": 0.7968652429124516,
            "f1-score": 0.7898403172221626,
            "support": 777.0
        },
        "weighted avg": {
            "precision": 0.8027987614944136,
            "recall": 0.7953667953667953,
            "f1-score": 0.7970773719353722,
            "support": 777.0
        }
    }
}