{
    "Confusion Matrix": [
        [
            389,
            82
        ],
        [
            65,
            242
        ]
    ],
    "Accuracy": 0.8110539845758354,
    "Precision": 0.7469135802469136,
    "Recall": 0.7882736156351792,
    "F1": 0.7670364500792393,
    "MCC": 0.6089365141860419,
    "AUC": 0.8744441447609562,
    "AUPR": 0.8163358425016471,
    "FP Rate": 0.1740976645435244,
    "FN Rate": 0.21172638436482086,
    "Class Report": {
        "0": {
            "precision": 0.8568281938325991,
            "recall": 0.8259023354564756,
            "f1-score": 0.841081081081081,
            "support": 471.0
        },
        "1": {
            "precision": 0.7469135802469136,
            "recall": 0.7882736156351792,
            "f1-score": 0.7670364500792393,
            "support": 307.0
        },
        "accuracy": 0.8110539845758354,
        "macro avg": {
            "precision": 0.8018708870397564,
            "recall": 0.8070879755458273,
            "f1-score": 0.8040587655801601,
            "support": 778.0
        },
        "weighted avg": {
            "precision": 0.8134557177775792,
            "recall": 0.8110539845758354,
            "f1-score": 0.8118629554800971,
            "support": 778.0
        }
    }
}