{
    "Confusion Matrix": [
        [
            369,
            102
        ],
        [
            63,
            244
        ]
    ],
    "Accuracy": 0.787917737789203,
    "Precision": 0.7052023121387283,
    "Recall": 0.7947882736156352,
    "F1": 0.7473200612557427,
    "MCC": 0.568720207043855,
    "AUC": 0.876996064925275,
    "AUPR": 0.8304581220253692,
    "FP Rate": 0.21656050955414013,
    "FN Rate": 0.20521172638436483,
    "Class Report": {
        "0": {
            "precision": 0.8541666666666666,
            "recall": 0.7834394904458599,
            "f1-score": 0.8172757475083057,
            "support": 471.0
        },
        "1": {
            "precision": 0.7052023121387283,
            "recall": 0.7947882736156352,
            "f1-score": 0.7473200612557427,
            "support": 307.0
        },
        "accuracy": 0.787917737789203,
        "macro avg": {
            "precision": 0.7796844894026975,
            "recall": 0.7891138820307475,
            "f1-score": 0.7822979043820242,
            "support": 778.0
        },
        "weighted avg": {
            "precision": 0.7953851026048709,
            "recall": 0.787917737789203,
            "f1-score": 0.789671125812243,
            "support": 778.0
        }
    }
}