{
    "Confusion Matrix": [
        [
            384,
            87
        ],
        [
            69,
            237
        ]
    ],
    "Accuracy": 0.7992277992277992,
    "Precision": 0.7314814814814815,
    "Recall": 0.7745098039215687,
    "F1": 0.7523809523809524,
    "MCC": 0.5844558349313509,
    "AUC": 0.8750052037800258,
    "AUPR": 0.8379095309713971,
    "FP Rate": 0.18471337579617833,
    "FN Rate": 0.22549019607843138,
    "Class Report": {
        "0": {
            "precision": 0.847682119205298,
            "recall": 0.8152866242038217,
            "f1-score": 0.8311688311688312,
            "support": 471.0
        },
        "1": {
            "precision": 0.7314814814814815,
            "recall": 0.7745098039215687,
            "f1-score": 0.7523809523809524,
            "support": 306.0
        },
        "accuracy": 0.7992277992277992,
        "macro avg": {
            "precision": 0.7895818003433898,
            "recall": 0.7948982140626952,
            "f1-score": 0.7917748917748918,
            "support": 777.0
        },
        "weighted avg": {
            "precision": 0.8019197058932159,
            "recall": 0.7992277992277992,
            "f1-score": 0.8001404001404002,
            "support": 777.0
        }
    }
}