{
    "Confusion Matrix": [
        [
            386,
            85
        ],
        [
            43,
            264
        ]
    ],
    "Accuracy": 0.8354755784061697,
    "Precision": 0.7564469914040115,
    "Recall": 0.8599348534201955,
    "F1": 0.8048780487804879,
    "MCC": 0.6677396080129506,
    "AUC": 0.9106758784760403,
    "AUPR": 0.8512572013655642,
    "FP Rate": 0.18046709129511676,
    "FN Rate": 0.14006514657980457,
    "Class Report": {
        "0": {
            "precision": 0.8997668997668997,
            "recall": 0.8195329087048833,
            "f1-score": 0.8577777777777778,
            "support": 471.0
        },
        "1": {
            "precision": 0.7564469914040115,
            "recall": 0.8599348534201955,
            "f1-score": 0.8048780487804879,
            "support": 307.0
        },
        "accuracy": 0.8354755784061697,
        "macro avg": {
            "precision": 0.8281069455854556,
            "recall": 0.8397338810625394,
            "f1-score": 0.8313279132791328,
            "support": 778.0
        },
        "weighted avg": {
            "precision": 0.8432126428679194,
            "recall": 0.8354755784061697,
            "f1-score": 0.8369034631220348,
            "support": 778.0
        }
    }
}