{
    "Confusion Matrix": [
        [
            364,
            107
        ],
        [
            60,
            247
        ]
    ],
    "Accuracy": 0.7853470437017995,
    "Precision": 0.6977401129943502,
    "Recall": 0.8045602605863192,
    "F1": 0.7473524962178517,
    "MCC": 0.5667086698726731,
    "AUC": 0.8705090700360313,
    "AUPR": 0.7955868901981803,
    "FP Rate": 0.22717622080679406,
    "FN Rate": 0.19543973941368079,
    "Class Report": {
        "0": {
            "precision": 0.8584905660377359,
            "recall": 0.772823779193206,
            "f1-score": 0.8134078212290503,
            "support": 471.0
        },
        "1": {
            "precision": 0.6977401129943502,
            "recall": 0.8045602605863192,
            "f1-score": 0.7473524962178517,
            "support": 307.0
        },
        "accuracy": 0.7853470437017995,
        "macro avg": {
            "precision": 0.7781153395160431,
            "recall": 0.7886920198897627,
            "f1-score": 0.780380158723451,
            "support": 778.0
        },
        "weighted avg": {
            "precision": 0.7950581893226725,
            "recall": 0.7853470437017995,
            "f1-score": 0.7873422880948114,
            "support": 778.0
        }
    }
}