{
    "Confusion Matrix": [
        [
            669,
            155
        ],
        [
            30,
            150
        ]
    ],
    "Accuracy": 0.8157370517928287,
    "Precision": 0.4918032786885246,
    "Recall": 0.8333333333333334,
    "F1": 0.6185567010309279,
    "MCC": 0.5381750648620498,
    "AUC": 0.8964199029126212,
    "AUPR": 0.751885327184798,
    "FP Rate": 0.18810679611650485,
    "FN Rate": 0.16666666666666666,
    "Class Report": {
        "0": {
            "precision": 0.9570815450643777,
            "recall": 0.8118932038834952,
            "f1-score": 0.8785292186474064,
            "support": 824.0
        },
        "1": {
            "precision": 0.4918032786885246,
            "recall": 0.8333333333333334,
            "f1-score": 0.6185567010309279,
            "support": 180.0
        },
        "accuracy": 0.8157370517928287,
        "macro avg": {
            "precision": 0.7244424118764512,
            "recall": 0.8226132686084142,
            "f1-score": 0.7485429598391671,
            "support": 1004.0
        },
        "weighted avg": {
            "precision": 0.8736651228057587,
            "recall": 0.8157370517928287,
            "f1-score": 0.8319205999512249,
            "support": 1004.0
        }
    }
}