{
    "Confusion Matrix": [
        [
            661,
            163
        ],
        [
            29,
            152
        ]
    ],
    "Accuracy": 0.808955223880597,
    "Precision": 0.48253968253968255,
    "Recall": 0.8397790055248618,
    "F1": 0.6129032258064516,
    "MCC": 0.5317816998725445,
    "AUC": 0.885432870246205,
    "AUPR": 0.7477685685421054,
    "FP Rate": 0.19781553398058252,
    "FN Rate": 0.16022099447513813,
    "Class Report": {
        "0": {
            "precision": 0.9579710144927536,
            "recall": 0.8021844660194175,
            "f1-score": 0.8731836195508587,
            "support": 824.0
        },
        "1": {
            "precision": 0.48253968253968255,
            "recall": 0.8397790055248618,
            "f1-score": 0.6129032258064516,
            "support": 181.0
        },
        "accuracy": 0.808955223880597,
        "macro avg": {
            "precision": 0.7202553485162181,
            "recall": 0.8209817357721396,
            "f1-score": 0.7430434226786551,
            "support": 1005.0
        },
        "weighted avg": {
            "precision": 0.8723460681410065,
            "recall": 0.808955223880597,
            "f1-score": 0.8263072501302241,
            "support": 1005.0
        }
    }
}