{
    "Confusion Matrix": [
        [
            659,
            165
        ],
        [
            38,
            142
        ]
    ],
    "Accuracy": 0.797808764940239,
    "Precision": 0.46254071661237783,
    "Recall": 0.7888888888888889,
    "F1": 0.5831622176591376,
    "MCC": 0.49008183387442966,
    "AUC": 0.8740628371089536,
    "AUPR": 0.7172471635438676,
    "FP Rate": 0.20024271844660194,
    "FN Rate": 0.2111111111111111,
    "Class Report": {
        "0": {
            "precision": 0.945480631276901,
            "recall": 0.7997572815533981,
            "f1-score": 0.8665351742274819,
            "support": 824.0
        },
        "1": {
            "precision": 0.46254071661237783,
            "recall": 0.7888888888888889,
            "f1-score": 0.5831622176591376,
            "support": 180.0
        },
        "accuracy": 0.797808764940239,
        "macro avg": {
            "precision": 0.7040106739446395,
            "recall": 0.7943230852211435,
            "f1-score": 0.7248486959433098,
            "support": 1004.0
        },
        "weighted avg": {
            "precision": 0.8588977780501935,
            "recall": 0.797808764940239,
            "f1-score": 0.815731257711245,
            "support": 1004.0
        }
    }
}