{
    "Confusion Matrix": [
        [
            679,
            145
        ],
        [
            36,
            145
        ]
    ],
    "Accuracy": 0.8199004975124378,
    "Precision": 0.5,
    "Recall": 0.8011049723756906,
    "F1": 0.6157112526539278,
    "MCC": 0.5301808804634766,
    "AUC": 0.8957785764093761,
    "AUPR": 0.6933307907000676,
    "FP Rate": 0.17597087378640777,
    "FN Rate": 0.19889502762430938,
    "Class Report": {
        "0": {
            "precision": 0.9496503496503497,
            "recall": 0.8240291262135923,
            "f1-score": 0.8823911630929174,
            "support": 824.0
        },
        "1": {
            "precision": 0.5,
            "recall": 0.8011049723756906,
            "f1-score": 0.6157112526539278,
            "support": 181.0
        },
        "accuracy": 0.8199004975124378,
        "macro avg": {
            "precision": 0.7248251748251748,
            "recall": 0.8125670492946414,
            "f1-score": 0.7490512078734226,
            "support": 1005.0
        },
        "weighted avg": {
            "precision": 0.8686685453849633,
            "recall": 0.8199004975124378,
            "f1-score": 0.8343622438994278,
            "support": 1005.0
        }
    }
}