{
    "Confusion Matrix": [
        [
            674,
            150
        ],
        [
            31,
            150
        ]
    ],
    "Accuracy": 0.8199004975124378,
    "Precision": 0.5,
    "Recall": 0.8287292817679558,
    "F1": 0.6237006237006237,
    "MCC": 0.5430554203546837,
    "AUC": 0.8971664968084535,
    "AUPR": 0.7452352189512426,
    "FP Rate": 0.1820388349514563,
    "FN Rate": 0.1712707182320442,
    "Class Report": {
        "0": {
            "precision": 0.9560283687943263,
            "recall": 0.8179611650485437,
            "f1-score": 0.881621975147155,
            "support": 824.0
        },
        "1": {
            "precision": 0.5,
            "recall": 0.8287292817679558,
            "f1-score": 0.6237006237006237,
            "support": 181.0
        },
        "accuracy": 0.8199004975124378,
        "macro avg": {
            "precision": 0.7280141843971631,
            "recall": 0.8233452234082497,
            "f1-score": 0.7526612994238894,
            "support": 1005.0
        },
        "weighted avg": {
            "precision": 0.8738978864542536,
            "recall": 0.8199004975124378,
            "f1-score": 0.835170468070715,
            "support": 1005.0
        }
    }
}