{
    "Confusion Matrix": [
        [
            662,
            162
        ],
        [
            40,
            140
        ]
    ],
    "Accuracy": 0.798804780876494,
    "Precision": 0.46357615894039733,
    "Recall": 0.7777777777777778,
    "F1": 0.5809128630705395,
    "MCC": 0.48611092302418313,
    "AUC": 0.8719323085221145,
    "AUPR": 0.7071196806618363,
    "FP Rate": 0.1966019417475728,
    "FN Rate": 0.2222222222222222,
    "Class Report": {
        "0": {
            "precision": 0.9430199430199431,
            "recall": 0.8033980582524272,
            "f1-score": 0.8676277850589778,
            "support": 824.0
        },
        "1": {
            "precision": 0.46357615894039733,
            "recall": 0.7777777777777778,
            "f1-score": 0.5809128630705395,
            "support": 180.0
        },
        "accuracy": 0.798804780876494,
        "macro avg": {
            "precision": 0.7032980509801702,
            "recall": 0.7905879180151025,
            "f1-score": 0.7242703240647586,
            "support": 1004.0
        },
        "weighted avg": {
            "precision": 0.8570638861132517,
            "recall": 0.798804780876494,
            "f1-score": 0.816224711395712,
            "support": 1004.0
        }
    }
}