{
    "Confusion Matrix": [
        [
            651,
            173
        ],
        [
            26,
            155
        ]
    ],
    "Accuracy": 0.8019900497512438,
    "Precision": 0.4725609756097561,
    "Recall": 0.856353591160221,
    "F1": 0.6090373280943026,
    "MCC": 0.5297542129426858,
    "AUC": 0.897381054551306,
    "AUPR": 0.7224745540067369,
    "FP Rate": 0.2099514563106796,
    "FN Rate": 0.143646408839779,
    "Class Report": {
        "0": {
            "precision": 0.9615952732644018,
            "recall": 0.7900485436893204,
            "f1-score": 0.8674217188540972,
            "support": 824.0
        },
        "1": {
            "precision": 0.4725609756097561,
            "recall": 0.856353591160221,
            "f1-score": 0.6090373280943026,
            "support": 181.0
        },
        "accuracy": 0.8019900497512438,
        "macro avg": {
            "precision": 0.717078124437079,
            "recall": 0.8232010674247707,
            "f1-score": 0.7382295234741999,
            "support": 1005.0
        },
        "weighted avg": {
            "precision": 0.8735204395574456,
            "recall": 0.8019900497512438,
            "f1-score": 0.8208868186277063,
            "support": 1005.0
        }
    }
}