{
    "Confusion Matrix": [
        [
            668,
            156
        ],
        [
            40,
            140
        ]
    ],
    "Accuracy": 0.8047808764940239,
    "Precision": 0.47297297297297297,
    "Recall": 0.7777777777777778,
    "F1": 0.5882352941176471,
    "MCC": 0.495053795816286,
    "AUC": 0.8832389428263214,
    "AUPR": 0.7122757771563419,
    "FP Rate": 0.18932038834951456,
    "FN Rate": 0.2222222222222222,
    "Class Report": {
        "0": {
            "precision": 0.943502824858757,
            "recall": 0.8106796116504854,
            "f1-score": 0.8720626631853786,
            "support": 824.0
        },
        "1": {
            "precision": 0.47297297297297297,
            "recall": 0.7777777777777778,
            "f1-score": 0.5882352941176471,
            "support": 180.0
        },
        "accuracy": 0.8047808764940239,
        "macro avg": {
            "precision": 0.708237898915865,
            "recall": 0.7942286947141316,
            "f1-score": 0.7301489786515128,
            "support": 1004.0
        },
        "weighted avg": {
            "precision": 0.8591448832856085,
            "recall": 0.8047808764940239,
            "f1-score": 0.8211772782927574,
            "support": 1004.0
        }
    }
}