{
    "Confusion Matrix": [
        [
            668,
            156
        ],
        [
            41,
            139
        ]
    ],
    "Accuracy": 0.8037848605577689,
    "Precision": 0.4711864406779661,
    "Recall": 0.7722222222222223,
    "F1": 0.5852631578947368,
    "MCC": 0.49086396880354205,
    "AUC": 0.8733751348435815,
    "AUPR": 0.7025873568276235,
    "FP Rate": 0.18932038834951456,
    "FN Rate": 0.22777777777777777,
    "Class Report": {
        "0": {
            "precision": 0.9421720733427362,
            "recall": 0.8106796116504854,
            "f1-score": 0.8714938030006523,
            "support": 824.0
        },
        "1": {
            "precision": 0.4711864406779661,
            "recall": 0.7722222222222223,
            "f1-score": 0.5852631578947368,
            "support": 180.0
        },
        "accuracy": 0.8037848605577689,
        "macro avg": {
            "precision": 0.7066792570103512,
            "recall": 0.7914509169363538,
            "f1-score": 0.7283784804476945,
            "support": 1004.0
        },
        "weighted avg": {
            "precision": 0.8577324180841122,
            "recall": 0.8037848605577689,
            "f1-score": 0.8201775518860459,
            "support": 1004.0
        }
    }
}