{
    "Confusion Matrix": [
        [
            670,
            153
        ],
        [
            30,
            151
        ]
    ],
    "Accuracy": 0.8177290836653387,
    "Precision": 0.4967105263157895,
    "Recall": 0.8342541436464088,
    "F1": 0.622680412371134,
    "MCC": 0.5424530859769657,
    "AUC": 0.9042312520558796,
    "AUPR": 0.7257555418801471,
    "FP Rate": 0.1859052247873633,
    "FN Rate": 0.16574585635359115,
    "Class Report": {
        "0": {
            "precision": 0.9571428571428572,
            "recall": 0.8140947752126367,
            "f1-score": 0.8798424162836507,
            "support": 823.0
        },
        "1": {
            "precision": 0.4967105263157895,
            "recall": 0.8342541436464088,
            "f1-score": 0.622680412371134,
            "support": 181.0
        },
        "accuracy": 0.8177290836653387,
        "macro avg": {
            "precision": 0.7269266917293233,
            "recall": 0.8241744594295228,
            "f1-score": 0.7512614143273924,
            "support": 1004.0
        },
        "weighted avg": {
            "precision": 0.8741366301710453,
            "recall": 0.8177290836653387,
            "f1-score": 0.8334815370922508,
            "support": 1004.0
        }
    }
}