{
    "Confusion Matrix": [
        [
            244,
            99
        ],
        [
            74,
            158
        ]
    ],
    "Accuracy": 0.6991304347826087,
    "Precision": 0.6147859922178989,
    "Recall": 0.6810344827586207,
    "F1": 0.6462167689161554,
    "MCC": 0.38720876647271074,
    "AUC": 0.7820197044334976,
    "AUPR": 0.7096643200722762,
    "FP Rate": 0.2886297376093295,
    "FN Rate": 0.31896551724137934,
    "Class Report": {
        "0": {
            "precision": 0.7672955974842768,
            "recall": 0.7113702623906706,
            "f1-score": 0.7382753403933434,
            "support": 343.0
        },
        "1": {
            "precision": 0.6147859922178989,
            "recall": 0.6810344827586207,
            "f1-score": 0.6462167689161554,
            "support": 232.0
        },
        "accuracy": 0.6991304347826087,
        "macro avg": {
            "precision": 0.6910407948510878,
            "recall": 0.6962023725746456,
            "f1-score": 0.6922460546547494,
            "support": 575.0
        },
        "weighted avg": {
            "precision": 0.7057612871854948,
            "recall": 0.6991304347826087,
            "f1-score": 0.701131708075591,
            "support": 575.0
        }
    }
}