{
    "Confusion Matrix": [
        [
            268,
            75
        ],
        [
            75,
            157
        ]
    ],
    "Accuracy": 0.7391304347826086,
    "Precision": 0.6767241379310345,
    "Recall": 0.6767241379310345,
    "F1": 0.6767241379310345,
    "MCC": 0.4580652458027546,
    "AUC": 0.8204735096008846,
    "AUPR": 0.7709577211626388,
    "FP Rate": 0.21865889212827988,
    "FN Rate": 0.3232758620689655,
    "Class Report": {
        "0": {
            "precision": 0.7813411078717201,
            "recall": 0.7813411078717201,
            "f1-score": 0.7813411078717201,
            "support": 343.0
        },
        "1": {
            "precision": 0.6767241379310345,
            "recall": 0.6767241379310345,
            "f1-score": 0.6767241379310345,
            "support": 232.0
        },
        "accuracy": 0.7391304347826086,
        "macro avg": {
            "precision": 0.7290326229013773,
            "recall": 0.7290326229013773,
            "f1-score": 0.7290326229013773,
            "support": 575.0
        },
        "weighted avg": {
            "precision": 0.7391304347826086,
            "recall": 0.7391304347826086,
            "f1-score": 0.7391304347826086,
            "support": 575.0
        }
    }
}