{
    "Confusion Matrix": [
        [
            276,
            67
        ],
        [
            61,
            171
        ]
    ],
    "Accuracy": 0.7773913043478261,
    "Precision": 0.7184873949579832,
    "Recall": 0.7370689655172413,
    "F1": 0.7276595744680852,
    "MCC": 0.5396018962756318,
    "AUC": 0.8536744747159949,
    "AUPR": 0.7776382105820626,
    "FP Rate": 0.19533527696793002,
    "FN Rate": 0.2629310344827586,
    "Class Report": {
        "0": {
            "precision": 0.8189910979228486,
            "recall": 0.8046647230320699,
            "f1-score": 0.8117647058823529,
            "support": 343.0
        },
        "1": {
            "precision": 0.7184873949579832,
            "recall": 0.7370689655172413,
            "f1-score": 0.7276595744680852,
            "support": 232.0
        },
        "accuracy": 0.7773913043478261,
        "macro avg": {
            "precision": 0.7687392464404159,
            "recall": 0.7708668442746556,
            "f1-score": 0.769712140175219,
            "support": 575.0
        },
        "weighted avg": {
            "precision": 0.7784400386396333,
            "recall": 0.7773913043478261,
            "f1-score": 0.7778301137291179,
            "support": 575.0
        }
    }
}