{
    "Confusion Matrix": [
        [
            277,
            65
        ],
        [
            58,
            175
        ]
    ],
    "Accuracy": 0.7860869565217391,
    "Precision": 0.7291666666666666,
    "Recall": 0.7510729613733905,
    "F1": 0.7399577167019028,
    "MCC": 0.5585178548292661,
    "AUC": 0.8751851015234797,
    "AUPR": 0.8113867536751972,
    "FP Rate": 0.19005847953216373,
    "FN Rate": 0.24892703862660945,
    "Class Report": {
        "0": {
            "precision": 0.826865671641791,
            "recall": 0.8099415204678363,
            "f1-score": 0.8183161004431314,
            "support": 342.0
        },
        "1": {
            "precision": 0.7291666666666666,
            "recall": 0.7510729613733905,
            "f1-score": 0.7399577167019028,
            "support": 233.0
        },
        "accuracy": 0.7860869565217391,
        "macro avg": {
            "precision": 0.7780161691542289,
            "recall": 0.7805072409206134,
            "f1-score": 0.779136908572517,
            "support": 575.0
        },
        "weighted avg": {
            "precision": 0.7872763357127407,
            "recall": 0.7860869565217391,
            "f1-score": 0.7865639205966858,
            "support": 575.0
        }
    }
}