{
    "Confusion Matrix": [
        [
            268,
            74
        ],
        [
            53,
            180
        ]
    ],
    "Accuracy": 0.7791304347826087,
    "Precision": 0.7086614173228346,
    "Recall": 0.7725321888412017,
    "F1": 0.7392197125256673,
    "MCC": 0.5498190272092943,
    "AUC": 0.8493712822829607,
    "AUPR": 0.8117163638390601,
    "FP Rate": 0.21637426900584794,
    "FN Rate": 0.22746781115879827,
    "Class Report": {
        "0": {
            "precision": 0.8348909657320872,
            "recall": 0.783625730994152,
            "f1-score": 0.808446455505279,
            "support": 342.0
        },
        "1": {
            "precision": 0.7086614173228346,
            "recall": 0.7725321888412017,
            "f1-score": 0.7392197125256673,
            "support": 233.0
        },
        "accuracy": 0.7791304347826087,
        "macro avg": {
            "precision": 0.7717761915274609,
            "recall": 0.7780789599176768,
            "f1-score": 0.7738330840154732,
            "support": 575.0
        },
        "weighted avg": {
            "precision": 0.783740557420164,
            "recall": 0.7791304347826087,
            "f1-score": 0.7803945753065842,
            "support": 575.0
        }
    }
}