{
    "Confusion Matrix": [
        [
            278,
            64
        ],
        [
            61,
            172
        ]
    ],
    "Accuracy": 0.782608695652174,
    "Precision": 0.7288135593220338,
    "Recall": 0.7381974248927039,
    "F1": 0.7334754797441365,
    "MCC": 0.5499666487187194,
    "AUC": 0.8558592475466206,
    "AUPR": 0.8013408726939063,
    "FP Rate": 0.1871345029239766,
    "FN Rate": 0.26180257510729615,
    "Class Report": {
        "0": {
            "precision": 0.8200589970501475,
            "recall": 0.8128654970760234,
            "f1-score": 0.8164464023494861,
            "support": 342.0
        },
        "1": {
            "precision": 0.7288135593220338,
            "recall": 0.7381974248927039,
            "f1-score": 0.7334754797441365,
            "support": 233.0
        },
        "accuracy": 0.782608695652174,
        "macro avg": {
            "precision": 0.7744362781860907,
            "recall": 0.7755314609843637,
            "f1-score": 0.7749609410468112,
            "support": 575.0
        },
        "weighted avg": {
            "precision": 0.783084758805538,
            "recall": 0.782608695652174,
            "f1-score": 0.7828251415372314,
            "support": 575.0
        }
    }
}