{
    "Confusion Matrix": [
        [
            270,
            73
        ],
        [
            61,
            172
        ]
    ],
    "Accuracy": 0.7673611111111112,
    "Precision": 0.7020408163265306,
    "Recall": 0.7381974248927039,
    "F1": 0.7196652719665272,
    "MCC": 0.5215462000407244,
    "AUC": 0.8421276542499281,
    "AUPR": 0.7998185300939598,
    "FP Rate": 0.21282798833819241,
    "FN Rate": 0.26180257510729615,
    "Class Report": {
        "0": {
            "precision": 0.8157099697885196,
            "recall": 0.7871720116618076,
            "f1-score": 0.8011869436201781,
            "support": 343.0
        },
        "1": {
            "precision": 0.7020408163265306,
            "recall": 0.7381974248927039,
            "f1-score": 0.7196652719665272,
            "support": 233.0
        },
        "accuracy": 0.7673611111111112,
        "macro avg": {
            "precision": 0.7588753930575252,
            "recall": 0.7626847182772558,
            "f1-score": 0.7604261077933526,
            "support": 576.0
        },
        "weighted avg": {
            "precision": 0.7697292184749025,
            "recall": 0.7673611111111112,
            "f1-score": 0.7682102951908365,
            "support": 576.0
        }
    }
}