{
    "Confusion Matrix": [
        [
            299,
            43
        ],
        [
            67,
            166
        ]
    ],
    "Accuracy": 0.808695652173913,
    "Precision": 0.7942583732057417,
    "Recall": 0.7124463519313304,
    "F1": 0.751131221719457,
    "MCC": 0.5988317026407551,
    "AUC": 0.8865798258163291,
    "AUPR": 0.8273679684237093,
    "FP Rate": 0.12573099415204678,
    "FN Rate": 0.2875536480686695,
    "Class Report": {
        "0": {
            "precision": 0.8169398907103825,
            "recall": 0.8742690058479532,
            "f1-score": 0.844632768361582,
            "support": 342.0
        },
        "1": {
            "precision": 0.7942583732057417,
            "recall": 0.7124463519313304,
            "f1-score": 0.751131221719457,
            "support": 233.0
        },
        "accuracy": 0.808695652173913,
        "macro avg": {
            "precision": 0.8055991319580621,
            "recall": 0.7933576788896418,
            "f1-score": 0.7978819950405195,
            "support": 575.0
        },
        "weighted avg": {
            "precision": 0.807748945356328,
            "recall": 0.808695652173913,
            "f1-score": 0.8067443155483383,
            "support": 575.0
        }
    }
}