{
    "Confusion Matrix": [
        [
            279,
            64
        ],
        [
            74,
            159
        ]
    ],
    "Accuracy": 0.7604166666666666,
    "Precision": 0.7130044843049327,
    "Recall": 0.6824034334763949,
    "F1": 0.6973684210526315,
    "MCC": 0.49957934064210757,
    "AUC": 0.8421151415808505,
    "AUPR": 0.7798711529186264,
    "FP Rate": 0.18658892128279883,
    "FN Rate": 0.31759656652360513,
    "Class Report": {
        "0": {
            "precision": 0.7903682719546742,
            "recall": 0.8134110787172012,
            "f1-score": 0.8017241379310345,
            "support": 343.0
        },
        "1": {
            "precision": 0.7130044843049327,
            "recall": 0.6824034334763949,
            "f1-score": 0.6973684210526315,
            "support": 233.0
        },
        "accuracy": 0.7604166666666666,
        "macro avg": {
            "precision": 0.7516863781298034,
            "recall": 0.7479072560967981,
            "f1-score": 0.7495462794918331,
            "support": 576.0
        },
        "weighted avg": {
            "precision": 0.7590735453533031,
            "recall": 0.7604166666666666,
            "f1-score": 0.7595108010687639,
            "support": 576.0
        }
    }
}