{
    "Confusion Matrix": [
        [
            276,
            66
        ],
        [
            68,
            165
        ]
    ],
    "Accuracy": 0.7669565217391304,
    "Precision": 0.7142857142857143,
    "Recall": 0.7081545064377682,
    "F1": 0.7112068965517241,
    "MCC": 0.5158911710843854,
    "AUC": 0.8537133247998393,
    "AUPR": 0.7924725346628076,
    "FP Rate": 0.19298245614035087,
    "FN Rate": 0.2918454935622318,
    "Class Report": {
        "0": {
            "precision": 0.8023255813953488,
            "recall": 0.8070175438596491,
            "f1-score": 0.8046647230320699,
            "support": 342.0
        },
        "1": {
            "precision": 0.7142857142857143,
            "recall": 0.7081545064377682,
            "f1-score": 0.7112068965517241,
            "support": 233.0
        },
        "accuracy": 0.7669565217391304,
        "macro avg": {
            "precision": 0.7583056478405316,
            "recall": 0.7575860251487087,
            "f1-score": 0.757935809791897,
            "support": 575.0
        },
        "weighted avg": {
            "precision": 0.7666502961144013,
            "recall": 0.7669565217391304,
            "f1-score": 0.7667939863887298,
            "support": 575.0
        }
    }
}