{
    "Confusion Matrix": [
        [
            4613,
            1106
        ],
        [
            36,
            216
        ]
    ],
    "Accuracy": 0.8087422542287724,
    "Precision": 0.16338880484114976,
    "Recall": 0.8571428571428571,
    "F1": 0.2744599745870394,
    "MCC": 0.32141854086514454,
    "AUC": 0.9071543754180579,
    "AUPR": 0.43046800063120755,
    "FP Rate": 0.193390452876377,
    "FN Rate": 0.14285714285714285,
    "Class Report": {
        "0": {
            "precision": 0.9922563992256399,
            "recall": 0.806609547123623,
            "f1-score": 0.8898533950617284,
            "support": 5719.0
        },
        "1": {
            "precision": 0.16338880484114976,
            "recall": 0.8571428571428571,
            "f1-score": 0.2744599745870394,
            "support": 252.0
        },
        "accuracy": 0.8087422542287724,
        "macro avg": {
            "precision": 0.5778226020333949,
            "recall": 0.83187620213324,
            "f1-score": 0.582156684824384,
            "support": 5971.0
        },
        "weighted avg": {
            "precision": 0.9572748829327422,
            "recall": 0.8087422542287724,
            "f1-score": 0.8638813398013664,
            "support": 5971.0
        }
    }
}