{
    "Confusion Matrix": [
        [
            4568,
            1151
        ],
        [
            49,
            202
        ]
    ],
    "Accuracy": 0.7989949748743719,
    "Precision": 0.14929785661492978,
    "Recall": 0.8047808764940239,
    "F1": 0.2518703241895262,
    "MCC": 0.28930844984772325,
    "AUC": 0.8850368764494392,
    "AUPR": 0.3861106366869552,
    "FP Rate": 0.20125896135688057,
    "FN Rate": 0.1952191235059761,
    "Class Report": {
        "0": {
            "precision": 0.98938704786658,
            "recall": 0.7987410386431194,
            "f1-score": 0.8839009287925697,
            "support": 5719.0
        },
        "1": {
            "precision": 0.14929785661492978,
            "recall": 0.8047808764940239,
            "f1-score": 0.2518703241895262,
            "support": 251.0
        },
        "accuracy": 0.7989949748743719,
        "macro avg": {
            "precision": 0.5693424522407549,
            "recall": 0.8017609575685716,
            "f1-score": 0.5678856264910479,
            "support": 5970.0
        },
        "weighted avg": {
            "precision": 0.9540667150350617,
            "recall": 0.7989949748743719,
            "f1-score": 0.8573281177782708,
            "support": 5970.0
        }
    }
}