{
    "Confusion Matrix": [
        [
            4578,
            1141
        ],
        [
            34,
            217
        ]
    ],
    "Accuracy": 0.8031825795644891,
    "Precision": 0.15979381443298968,
    "Recall": 0.8645418326693227,
    "F1": 0.2697327532628962,
    "MCC": 0.318379095695069,
    "AUC": 0.9097685146805677,
    "AUPR": 0.3957915196544336,
    "FP Rate": 0.19951040391676866,
    "FN Rate": 0.13545816733067728,
    "Class Report": {
        "0": {
            "precision": 0.9926279271465741,
            "recall": 0.8004895960832313,
            "f1-score": 0.8862646404026716,
            "support": 5719.0
        },
        "1": {
            "precision": 0.15979381443298968,
            "recall": 0.8645418326693227,
            "f1-score": 0.2697327532628962,
            "support": 251.0
        },
        "accuracy": 0.8031825795644891,
        "macro avg": {
            "precision": 0.576210870789782,
            "recall": 0.832515714376277,
            "f1-score": 0.5779986968327839,
            "support": 5970.0
        },
        "weighted avg": {
            "precision": 0.9576126235802241,
            "recall": 0.8031825795644891,
            "f1-score": 0.8603434505078502,
            "support": 5970.0
        }
    }
}