{
    "Confusion Matrix": [
        [
            4605,
            1115
        ],
        [
            46,
            205
        ]
    ],
    "Accuracy": 0.8055602076704069,
    "Precision": 0.1553030303030303,
    "Recall": 0.8167330677290837,
    "F1": 0.2609802673456397,
    "MCC": 0.3006959309947872,
    "AUC": 0.879743264703424,
    "AUPR": 0.37290476840127884,
    "FP Rate": 0.19493006993006992,
    "FN Rate": 0.18326693227091634,
    "Class Report": {
        "0": {
            "precision": 0.9901096538378843,
            "recall": 0.8050699300699301,
            "f1-score": 0.8880532253398901,
            "support": 5720.0
        },
        "1": {
            "precision": 0.1553030303030303,
            "recall": 0.8167330677290837,
            "f1-score": 0.2609802673456397,
            "support": 251.0
        },
        "accuracy": 0.8055602076704069,
        "macro avg": {
            "precision": 0.5727063420704573,
            "recall": 0.8109014988995069,
            "f1-score": 0.574516746342765,
            "support": 5971.0
        },
        "weighted avg": {
            "precision": 0.9550172970287656,
            "recall": 0.8055602076704069,
            "f1-score": 0.8616932667975092,
            "support": 5971.0
        }
    }
}