{
    "Confusion Matrix": [
        [
            4587,
            1132
        ],
        [
            36,
            215
        ]
    ],
    "Accuracy": 0.804355108877722,
    "Precision": 0.15961395694135114,
    "Recall": 0.8565737051792829,
    "F1": 0.2690863579474343,
    "MCC": 0.316225793226804,
    "AUC": 0.9057555405236895,
    "AUPR": 0.4269943322972274,
    "FP Rate": 0.19793670222066795,
    "FN Rate": 0.14342629482071714,
    "Class Report": {
        "0": {
            "precision": 0.9922128487994809,
            "recall": 0.802063297779332,
            "f1-score": 0.8870624637400889,
            "support": 5719.0
        },
        "1": {
            "precision": 0.15961395694135114,
            "recall": 0.8565737051792829,
            "f1-score": 0.2690863579474343,
            "support": 251.0
        },
        "accuracy": 0.804355108877722,
        "macro avg": {
            "precision": 0.575913402870416,
            "recall": 0.8293185014793074,
            "f1-score": 0.5780744108437617,
            "support": 5970.0
        },
        "weighted avg": {
            "precision": 0.9572074347531843,
            "recall": 0.804355108877722,
            "f1-score": 0.861080553764552,
            "support": 5970.0
        }
    }
}