{
    "Confusion Matrix": [
        [
            291,
            74
        ],
        [
            142,
            373
        ]
    ],
    "Accuracy": 0.7545454545454545,
    "Precision": 0.8344519015659956,
    "Recall": 0.7242718446601941,
    "F1": 0.7754677754677755,
    "MCC": 0.5139648239922147,
    "AUC": 0.852054794520548,
    "AUPR": 0.8796374266081517,
    "FP Rate": 0.20273972602739726,
    "FN Rate": 0.2757281553398058,
    "Class Report": {
        "0": {
            "precision": 0.6720554272517321,
            "recall": 0.7972602739726027,
            "f1-score": 0.7293233082706767,
            "support": 365.0
        },
        "1": {
            "precision": 0.8344519015659956,
            "recall": 0.7242718446601941,
            "f1-score": 0.7754677754677755,
            "support": 515.0
        },
        "accuracy": 0.7545454545454545,
        "macro avg": {
            "precision": 0.7532536644088639,
            "recall": 0.7607660593163984,
            "f1-score": 0.7523955418692261,
            "support": 880.0
        },
        "weighted avg": {
            "precision": 0.7670942730151932,
            "recall": 0.7545454545454545,
            "f1-score": 0.7563283089598879,
            "support": 880.0
        }
    }
}