{
    "Confusion Matrix": [
        [
            294,
            72
        ],
        [
            128,
            386
        ]
    ],
    "Accuracy": 0.7727272727272727,
    "Precision": 0.8427947598253275,
    "Recall": 0.7509727626459144,
    "F1": 0.7942386831275721,
    "MCC": 0.5468144424124094,
    "AUC": 0.8612829835640322,
    "AUPR": 0.8893150915235204,
    "FP Rate": 0.19672131147540983,
    "FN Rate": 0.2490272373540856,
    "Class Report": {
        "0": {
            "precision": 0.6966824644549763,
            "recall": 0.8032786885245902,
            "f1-score": 0.7461928934010152,
            "support": 366.0
        },
        "1": {
            "precision": 0.8427947598253275,
            "recall": 0.7509727626459144,
            "f1-score": 0.7942386831275721,
            "support": 514.0
        },
        "accuracy": 0.7727272727272727,
        "macro avg": {
            "precision": 0.7697386121401519,
            "recall": 0.7771257255852523,
            "f1-score": 0.7702157882642937,
            "support": 880.0
        },
        "weighted avg": {
            "precision": 0.7820253278872041,
            "recall": 0.7727272727272727,
            "f1-score": 0.7742560024003904,
            "support": 880.0
        }
    }
}