{
    "Confusion Matrix": [
        [
            303,
            63
        ],
        [
            161,
            353
        ]
    ],
    "Accuracy": 0.7454545454545455,
    "Precision": 0.8485576923076923,
    "Recall": 0.6867704280155642,
    "F1": 0.7591397849462366,
    "MCC": 0.5080651168666911,
    "AUC": 0.8509945567816973,
    "AUPR": 0.8850174044625718,
    "FP Rate": 0.1721311475409836,
    "FN Rate": 0.3132295719844358,
    "Class Report": {
        "0": {
            "precision": 0.6530172413793104,
            "recall": 0.8278688524590164,
            "f1-score": 0.7301204819277108,
            "support": 366.0
        },
        "1": {
            "precision": 0.8485576923076923,
            "recall": 0.6867704280155642,
            "f1-score": 0.7591397849462366,
            "support": 514.0
        },
        "accuracy": 0.7454545454545455,
        "macro avg": {
            "precision": 0.7507874668435013,
            "recall": 0.7573196402372904,
            "f1-score": 0.7446301334369737,
            "support": 880.0
        },
        "weighted avg": {
            "precision": 0.7672306411261153,
            "recall": 0.7454545454545455,
            "f1-score": 0.747070393008986,
            "support": 880.0
        }
    }
}