{
    "Confusion Matrix": [
        [
            290,
            75
        ],
        [
            118,
            397
        ]
    ],
    "Accuracy": 0.7806818181818181,
    "Precision": 0.8411016949152542,
    "Recall": 0.7708737864077669,
    "F1": 0.8044579533941236,
    "MCC": 0.5585993398619018,
    "AUC": 0.8679611650485438,
    "AUPR": 0.8955687857460909,
    "FP Rate": 0.2054794520547945,
    "FN Rate": 0.229126213592233,
    "Class Report": {
        "0": {
            "precision": 0.7107843137254902,
            "recall": 0.7945205479452054,
            "f1-score": 0.7503234152652005,
            "support": 365.0
        },
        "1": {
            "precision": 0.8411016949152542,
            "recall": 0.7708737864077669,
            "f1-score": 0.8044579533941236,
            "support": 515.0
        },
        "accuracy": 0.7806818181818181,
        "macro avg": {
            "precision": 0.7759430043203722,
            "recall": 0.7826971671764862,
            "f1-score": 0.7773906843296621,
            "support": 880.0
        },
        "weighted avg": {
            "precision": 0.7870495993081361,
            "recall": 0.7806818181818181,
            "f1-score": 0.7820044233747407,
            "support": 880.0
        }
    }
}