{
    "Confusion Matrix": [
        [
            283,
            82
        ],
        [
            95,
            420
        ]
    ],
    "Accuracy": 0.7988636363636363,
    "Precision": 0.8366533864541833,
    "Recall": 0.8155339805825242,
    "F1": 0.8259587020648967,
    "MCC": 0.5880970035785121,
    "AUC": 0.8620720840537304,
    "AUPR": 0.8818536425915713,
    "FP Rate": 0.22465753424657534,
    "FN Rate": 0.18446601941747573,
    "Class Report": {
        "0": {
            "precision": 0.7486772486772487,
            "recall": 0.7753424657534247,
            "f1-score": 0.7617765814266487,
            "support": 365.0
        },
        "1": {
            "precision": 0.8366533864541833,
            "recall": 0.8155339805825242,
            "f1-score": 0.8259587020648967,
            "support": 515.0
        },
        "accuracy": 0.7988636363636363,
        "macro avg": {
            "precision": 0.792665317565716,
            "recall": 0.7954382231679744,
            "f1-score": 0.7938676417457727,
            "support": 880.0
        },
        "weighted avg": {
            "precision": 0.800163283853523,
            "recall": 0.7988636363636363,
            "f1-score": 0.7993377088456234,
            "support": 880.0
        }
    }
}