{
    "Confusion Matrix": [
        [
            288,
            78
        ],
        [
            113,
            401
        ]
    ],
    "Accuracy": 0.7829545454545455,
    "Precision": 0.837160751565762,
    "Recall": 0.7801556420233463,
    "F1": 0.8076535750251762,
    "MCC": 0.5611726998057113,
    "AUC": 0.8576630307669411,
    "AUPR": 0.8783559252160023,
    "FP Rate": 0.21311475409836064,
    "FN Rate": 0.2198443579766537,
    "Class Report": {
        "0": {
            "precision": 0.7182044887780549,
            "recall": 0.7868852459016393,
            "f1-score": 0.7509778357235984,
            "support": 366.0
        },
        "1": {
            "precision": 0.837160751565762,
            "recall": 0.7801556420233463,
            "f1-score": 0.8076535750251762,
            "support": 514.0
        },
        "accuracy": 0.7829545454545455,
        "macro avg": {
            "precision": 0.7776826201719085,
            "recall": 0.7835204439624928,
            "f1-score": 0.7793157053743873,
            "support": 880.0
        },
        "weighted avg": {
            "precision": 0.7876857604517837,
            "recall": 0.7829545454545455,
            "f1-score": 0.7840816198156564,
            "support": 880.0
        }
    }
}