{
    "Confusion Matrix": [
        [
            303,
            62
        ],
        [
            128,
            387
        ]
    ],
    "Accuracy": 0.7840909090909091,
    "Precision": 0.8619153674832962,
    "Recall": 0.7514563106796116,
    "F1": 0.8029045643153527,
    "MCC": 0.5732019163616277,
    "AUC": 0.8743503125415614,
    "AUPR": 0.8930261035176542,
    "FP Rate": 0.16986301369863013,
    "FN Rate": 0.24854368932038834,
    "Class Report": {
        "0": {
            "precision": 0.703016241299304,
            "recall": 0.8301369863013699,
            "f1-score": 0.7613065326633166,
            "support": 365.0
        },
        "1": {
            "precision": 0.8619153674832962,
            "recall": 0.7514563106796116,
            "f1-score": 0.8029045643153527,
            "support": 515.0
        },
        "accuracy": 0.7840909090909091,
        "macro avg": {
            "precision": 0.7824658043913001,
            "recall": 0.7907966484904907,
            "f1-score": 0.7821055484893347,
            "support": 880.0
        },
        "weighted avg": {
            "precision": 0.7960083435547086,
            "recall": 0.7840909090909091,
            "f1-score": 0.7856508352778604,
            "support": 880.0
        }
    }
}