{
    "Confusion Matrix": [
        [
            282,
            83
        ],
        [
            132,
            383
        ]
    ],
    "Accuracy": 0.7556818181818182,
    "Precision": 0.8218884120171673,
    "Recall": 0.7436893203883496,
    "F1": 0.780835881753313,
    "MCC": 0.5096269240119327,
    "AUC": 0.8641361883229152,
    "AUPR": 0.8924359947909855,
    "FP Rate": 0.2273972602739726,
    "FN Rate": 0.2563106796116505,
    "Class Report": {
        "0": {
            "precision": 0.6811594202898551,
            "recall": 0.7726027397260274,
            "f1-score": 0.72400513478819,
            "support": 365.0
        },
        "1": {
            "precision": 0.8218884120171673,
            "recall": 0.7436893203883496,
            "f1-score": 0.780835881753313,
            "support": 515.0
        },
        "accuracy": 0.7556818181818182,
        "macro avg": {
            "precision": 0.7515239161535112,
            "recall": 0.7581460300571885,
            "f1-score": 0.7524205082707515,
            "support": 880.0
        },
        "weighted avg": {
            "precision": 0.763517864312089,
            "recall": 0.7556818181818182,
            "f1-score": 0.7572640378416426,
            "support": 880.0
        }
    }
}