{
    "Confusion Matrix": [
        [
            301,
            64
        ],
        [
            127,
            388
        ]
    ],
    "Accuracy": 0.7829545454545455,
    "Precision": 0.8584070796460177,
    "Recall": 0.7533980582524272,
    "F1": 0.8024819027921406,
    "MCC": 0.5698080126943169,
    "AUC": 0.8699295119031787,
    "AUPR": 0.893172646507308,
    "FP Rate": 0.17534246575342466,
    "FN Rate": 0.24660194174757283,
    "Class Report": {
        "0": {
            "precision": 0.7032710280373832,
            "recall": 0.8246575342465754,
            "f1-score": 0.7591424968474149,
            "support": 365.0
        },
        "1": {
            "precision": 0.8584070796460177,
            "recall": 0.7533980582524272,
            "f1-score": 0.8024819027921406,
            "support": 515.0
        },
        "accuracy": 0.7829545454545455,
        "macro avg": {
            "precision": 0.7808390538417005,
            "recall": 0.7890277962495014,
            "f1-score": 0.7808121998197777,
            "support": 880.0
        },
        "weighted avg": {
            "precision": 0.7940608764219819,
            "recall": 0.7829545454545455,
            "f1-score": 0.7845058991900667,
            "support": 880.0
        }
    }
}