{
    "Confusion Matrix": [
        [
            297,
            68
        ],
        [
            108,
            407
        ]
    ],
    "Accuracy": 0.8,
    "Precision": 0.8568421052631578,
    "Recall": 0.7902912621359224,
    "F1": 0.8222222222222222,
    "MCC": 0.5970427116882102,
    "AUC": 0.8857348051602607,
    "AUPR": 0.9112002501585326,
    "FP Rate": 0.1863013698630137,
    "FN Rate": 0.20970873786407768,
    "Class Report": {
        "0": {
            "precision": 0.7333333333333333,
            "recall": 0.8136986301369863,
            "f1-score": 0.7714285714285715,
            "support": 365.0
        },
        "1": {
            "precision": 0.8568421052631578,
            "recall": 0.7902912621359224,
            "f1-score": 0.8222222222222222,
            "support": 515.0
        },
        "accuracy": 0.8,
        "macro avg": {
            "precision": 0.7950877192982455,
            "recall": 0.8019949461364544,
            "f1-score": 0.7968253968253969,
            "support": 880.0
        },
        "weighted avg": {
            "precision": 0.8056140350877192,
            "recall": 0.8,
            "f1-score": 0.8011544011544012,
            "support": 880.0
        }
    }
}