{
    "Confusion Matrix": [
        [
            15,
            1
        ],
        [
            1,
            14
        ]
    ],
    "Accuracy": 0.9354838709677419,
    "Precision": 0.9333333333333333,
    "Recall": 0.9333333333333333,
    "F1": 0.9333333333333333,
    "MCC": 0.8708333333333333,
    "AUC": 0.9583333333333334,
    "AUPR": 0.9733333333333332,
    "FP Rate": 0.0625,
    "FN Rate": 0.06666666666666667,
    "Class Report": {
        "0": {
            "precision": 0.9375,
            "recall": 0.9375,
            "f1-score": 0.9375,
            "support": 16.0
        },
        "1": {
            "precision": 0.9333333333333333,
            "recall": 0.9333333333333333,
            "f1-score": 0.9333333333333333,
            "support": 15.0
        },
        "accuracy": 0.9354838709677419,
        "macro avg": {
            "precision": 0.9354166666666667,
            "recall": 0.9354166666666667,
            "f1-score": 0.9354166666666667,
            "support": 31.0
        },
        "weighted avg": {
            "precision": 0.9354838709677419,
            "recall": 0.9354838709677419,
            "f1-score": 0.9354838709677419,
            "support": 31.0
        }
    }
}