{
    "Confusion Matrix": [
        [
            12,
            4
        ],
        [
            1,
            15
        ]
    ],
    "Accuracy": 0.84375,
    "Precision": 0.7894736842105263,
    "Recall": 0.9375,
    "F1": 0.8571428571428571,
    "MCC": 0.6999132392733555,
    "AUC": 0.9609375,
    "AUPR": 0.9705615942028986,
    "FP Rate": 0.25,
    "FN Rate": 0.0625,
    "Class Report": {
        "0": {
            "precision": 0.9230769230769231,
            "recall": 0.75,
            "f1-score": 0.8275862068965517,
            "support": 16.0
        },
        "1": {
            "precision": 0.7894736842105263,
            "recall": 0.9375,
            "f1-score": 0.8571428571428571,
            "support": 16.0
        },
        "accuracy": 0.84375,
        "macro avg": {
            "precision": 0.8562753036437247,
            "recall": 0.84375,
            "f1-score": 0.8423645320197044,
            "support": 32.0
        },
        "weighted avg": {
            "precision": 0.8562753036437247,
            "recall": 0.84375,
            "f1-score": 0.8423645320197044,
            "support": 32.0
        }
    }
}