{
    "Confusion Matrix": [
        [
            11,
            5
        ],
        [
            8,
            8
        ]
    ],
    "Accuracy": 0.59375,
    "Precision": 0.6153846153846154,
    "Recall": 0.5,
    "F1": 0.5517241379310345,
    "MCC": 0.19088542889273333,
    "AUC": 0.75,
    "AUPR": 0.7840649929562468,
    "FP Rate": 0.3125,
    "FN Rate": 0.5,
    "Class Report": {
        "0": {
            "precision": 0.5789473684210527,
            "recall": 0.6875,
            "f1-score": 0.6285714285714286,
            "support": 16.0
        },
        "1": {
            "precision": 0.6153846153846154,
            "recall": 0.5,
            "f1-score": 0.5517241379310345,
            "support": 16.0
        },
        "accuracy": 0.59375,
        "macro avg": {
            "precision": 0.597165991902834,
            "recall": 0.59375,
            "f1-score": 0.5901477832512315,
            "support": 32.0
        },
        "weighted avg": {
            "precision": 0.597165991902834,
            "recall": 0.59375,
            "f1-score": 0.5901477832512315,
            "support": 32.0
        }
    }
}