{
    "Confusion Matrix": [
        [
            15,
            1
        ],
        [
            1,
            15
        ]
    ],
    "Accuracy": 0.9375,
    "Precision": 0.9375,
    "Recall": 0.9375,
    "F1": 0.9375,
    "MCC": 0.875,
    "AUC": 0.93359375,
    "AUPR": 0.9506610576923078,
    "FP Rate": 0.0625,
    "FN Rate": 0.0625,
    "Class Report": {
        "0": {
            "precision": 0.9375,
            "recall": 0.9375,
            "f1-score": 0.9375,
            "support": 16.0
        },
        "1": {
            "precision": 0.9375,
            "recall": 0.9375,
            "f1-score": 0.9375,
            "support": 16.0
        },
        "accuracy": 0.9375,
        "macro avg": {
            "precision": 0.9375,
            "recall": 0.9375,
            "f1-score": 0.9375,
            "support": 32.0
        },
        "weighted avg": {
            "precision": 0.9375,
            "recall": 0.9375,
            "f1-score": 0.9375,
            "support": 32.0
        }
    }
}