{
    "Confusion Matrix": [
        [
            16,
            0
        ],
        [
            4,
            11
        ]
    ],
    "Accuracy": 0.8709677419354839,
    "Precision": 1.0,
    "Recall": 0.7333333333333333,
    "F1": 0.8461538461538461,
    "MCC": 0.7659416862050705,
    "AUC": 0.8791666666666667,
    "AUPR": 0.9111695906432746,
    "FP Rate": 0.0,
    "FN Rate": 0.26666666666666666,
    "Class Report": {
        "0": {
            "precision": 0.8,
            "recall": 1.0,
            "f1-score": 0.8888888888888888,
            "support": 16.0
        },
        "1": {
            "precision": 1.0,
            "recall": 0.7333333333333333,
            "f1-score": 0.8461538461538461,
            "support": 15.0
        },
        "accuracy": 0.8709677419354839,
        "macro avg": {
            "precision": 0.9,
            "recall": 0.8666666666666667,
            "f1-score": 0.8675213675213675,
            "support": 31.0
        },
        "weighted avg": {
            "precision": 0.8967741935483872,
            "recall": 0.8709677419354839,
            "f1-score": 0.8682106424041908,
            "support": 31.0
        }
    }
}