{
    "Confusion Matrix": [
        [
            13,
            3
        ],
        [
            2,
            14
        ]
    ],
    "Accuracy": 0.84375,
    "Precision": 0.8235294117647058,
    "Recall": 0.875,
    "F1": 0.8484848484848485,
    "MCC": 0.6888467201936644,
    "AUC": 0.94921875,
    "AUPR": 0.9571229495142539,
    "FP Rate": 0.1875,
    "FN Rate": 0.125,
    "Class Report": {
        "0": {
            "precision": 0.8666666666666667,
            "recall": 0.8125,
            "f1-score": 0.8387096774193549,
            "support": 16.0
        },
        "1": {
            "precision": 0.8235294117647058,
            "recall": 0.875,
            "f1-score": 0.8484848484848485,
            "support": 16.0
        },
        "accuracy": 0.84375,
        "macro avg": {
            "precision": 0.8450980392156863,
            "recall": 0.84375,
            "f1-score": 0.8435972629521017,
            "support": 32.0
        },
        "weighted avg": {
            "precision": 0.8450980392156863,
            "recall": 0.84375,
            "f1-score": 0.8435972629521017,
            "support": 32.0
        }
    }
}