{
    "Confusion Matrix": [
        [
            16,
            0
        ],
        [
            1,
            14
        ]
    ],
    "Accuracy": 0.967741935483871,
    "Precision": 1.0,
    "Recall": 0.9333333333333333,
    "F1": 0.9655172413793104,
    "MCC": 0.9372466978064098,
    "AUC": 1.0,
    "AUPR": 1.0,
    "FP Rate": 0.0,
    "FN Rate": 0.06666666666666667,
    "Class Report": {
        "0": {
            "precision": 0.9411764705882353,
            "recall": 1.0,
            "f1-score": 0.9696969696969697,
            "support": 16.0
        },
        "1": {
            "precision": 1.0,
            "recall": 0.9333333333333333,
            "f1-score": 0.9655172413793104,
            "support": 15.0
        },
        "accuracy": 0.967741935483871,
        "macro avg": {
            "precision": 0.9705882352941176,
            "recall": 0.9666666666666667,
            "f1-score": 0.9676071055381401,
            "support": 31.0
        },
        "weighted avg": {
            "precision": 0.969639468690702,
            "recall": 0.967741935483871,
            "f1-score": 0.9676745205110057,
            "support": 31.0
        }
    }
}