{
    "Confusion Matrix": [
        [
            48,
            4
        ],
        [
            1,
            31
        ]
    ],
    "Accuracy": 0.9404761904761905,
    "Precision": 0.8857142857142857,
    "Recall": 0.96875,
    "F1": 0.9253731343283582,
    "MCC": 0.8784664459746295,
    "AUC": 0.9609375,
    "AUPR": 0.9356129081222542,
    "FP Rate": 0.07692307692307693,
    "FN Rate": 0.03125,
    "Class Report": {
        "0": {
            "precision": 0.9795918367346939,
            "recall": 0.9230769230769231,
            "f1-score": 0.9504950495049505,
            "support": 52.0
        },
        "1": {
            "precision": 0.8857142857142857,
            "recall": 0.96875,
            "f1-score": 0.9253731343283582,
            "support": 32.0
        },
        "accuracy": 0.9404761904761905,
        "macro avg": {
            "precision": 0.9326530612244898,
            "recall": 0.9459134615384616,
            "f1-score": 0.9379340919166543,
            "support": 84.0
        },
        "weighted avg": {
            "precision": 0.9438289601554908,
            "recall": 0.9404761904761905,
            "f1-score": 0.9409247961043439,
            "support": 84.0
        }
    }
}