{
    "Confusion Matrix": [
        [
            46,
            6
        ],
        [
            5,
            26
        ]
    ],
    "Accuracy": 0.8674698795180723,
    "Precision": 0.8125,
    "Recall": 0.8387096774193549,
    "F1": 0.8253968253968254,
    "MCC": 0.7188792604708486,
    "AUC": 0.9392059553349876,
    "AUPR": 0.9223387871547806,
    "FP Rate": 0.11538461538461539,
    "FN Rate": 0.16129032258064516,
    "Class Report": {
        "0": {
            "precision": 0.9019607843137255,
            "recall": 0.8846153846153846,
            "f1-score": 0.8932038834951457,
            "support": 52.0
        },
        "1": {
            "precision": 0.8125,
            "recall": 0.8387096774193549,
            "f1-score": 0.8253968253968254,
            "support": 31.0
        },
        "accuracy": 0.8674698795180723,
        "macro avg": {
            "precision": 0.8572303921568627,
            "recall": 0.8616625310173698,
            "f1-score": 0.8593003544459855,
            "support": 83.0
        },
        "weighted avg": {
            "precision": 0.8685477202929365,
            "recall": 0.8674698795180723,
            "f1-score": 0.8678783557716766,
            "support": 83.0
        }
    }
}