{
    "Confusion Matrix": [
        [
            46,
            6
        ],
        [
            5,
            27
        ]
    ],
    "Accuracy": 0.8690476190476191,
    "Precision": 0.8181818181818182,
    "Recall": 0.84375,
    "F1": 0.8307692307692308,
    "MCC": 0.7242423238423661,
    "AUC": 0.9549278846153846,
    "AUPR": 0.9373856571572186,
    "FP Rate": 0.11538461538461539,
    "FN Rate": 0.15625,
    "Class Report": {
        "0": {
            "precision": 0.9019607843137255,
            "recall": 0.8846153846153846,
            "f1-score": 0.8932038834951457,
            "support": 52.0
        },
        "1": {
            "precision": 0.8181818181818182,
            "recall": 0.84375,
            "f1-score": 0.8307692307692308,
            "support": 32.0
        },
        "accuracy": 0.8690476190476191,
        "macro avg": {
            "precision": 0.8600713012477719,
            "recall": 0.8641826923076923,
            "f1-score": 0.8619865571321883,
            "support": 84.0
        },
        "weighted avg": {
            "precision": 0.8700449876920466,
            "recall": 0.8690476190476191,
            "f1-score": 0.8694192538852734,
            "support": 84.0
        }
    }
}