{
    "Confusion Matrix": [
        [
            48,
            3
        ],
        [
            3,
            29
        ]
    ],
    "Accuracy": 0.927710843373494,
    "Precision": 0.90625,
    "Recall": 0.90625,
    "F1": 0.90625,
    "MCC": 0.8474264705882353,
    "AUC": 0.9577205882352942,
    "AUPR": 0.9580256333915834,
    "FP Rate": 0.058823529411764705,
    "FN Rate": 0.09375,
    "Class Report": {
        "0": {
            "precision": 0.9411764705882353,
            "recall": 0.9411764705882353,
            "f1-score": 0.9411764705882353,
            "support": 51.0
        },
        "1": {
            "precision": 0.90625,
            "recall": 0.90625,
            "f1-score": 0.90625,
            "support": 32.0
        },
        "accuracy": 0.927710843373494,
        "macro avg": {
            "precision": 0.9237132352941176,
            "recall": 0.9237132352941176,
            "f1-score": 0.9237132352941176,
            "support": 83.0
        },
        "weighted avg": {
            "precision": 0.927710843373494,
            "recall": 0.927710843373494,
            "f1-score": 0.927710843373494,
            "support": 83.0
        }
    }
}