{
    "Confusion Matrix": [
        [
            45,
            7
        ],
        [
            0,
            32
        ]
    ],
    "Accuracy": 0.9166666666666666,
    "Precision": 0.8205128205128205,
    "Recall": 1.0,
    "F1": 0.9014084507042254,
    "MCC": 0.8426500884694863,
    "AUC": 0.9783653846153846,
    "AUPR": 0.9244599283951259,
    "FP Rate": 0.1346153846153846,
    "FN Rate": 0.0,
    "Class Report": {
        "0": {
            "precision": 1.0,
            "recall": 0.8653846153846154,
            "f1-score": 0.9278350515463918,
            "support": 52.0
        },
        "1": {
            "precision": 0.8205128205128205,
            "recall": 1.0,
            "f1-score": 0.9014084507042254,
            "support": 32.0
        },
        "accuracy": 0.9166666666666666,
        "macro avg": {
            "precision": 0.9102564102564102,
            "recall": 0.9326923076923077,
            "f1-score": 0.9146217511253085,
            "support": 84.0
        },
        "weighted avg": {
            "precision": 0.9316239316239315,
            "recall": 0.9166666666666666,
            "f1-score": 0.9177677750350903,
            "support": 84.0
        }
    }
}