{
    "Confusion Matrix": [
        [
            48,
            4
        ],
        [
            2,
            30
        ]
    ],
    "Accuracy": 0.9285714285714286,
    "Precision": 0.8823529411764706,
    "Recall": 0.9375,
    "F1": 0.9090909090909091,
    "MCC": 0.8514161745365445,
    "AUC": 0.9609375,
    "AUPR": 0.9578722837599658,
    "FP Rate": 0.07692307692307693,
    "FN Rate": 0.0625,
    "Class Report": {
        "0": {
            "precision": 0.96,
            "recall": 0.9230769230769231,
            "f1-score": 0.9411764705882353,
            "support": 52.0
        },
        "1": {
            "precision": 0.8823529411764706,
            "recall": 0.9375,
            "f1-score": 0.9090909090909091,
            "support": 32.0
        },
        "accuracy": 0.9285714285714286,
        "macro avg": {
            "precision": 0.9211764705882353,
            "recall": 0.9302884615384616,
            "f1-score": 0.9251336898395721,
            "support": 84.0
        },
        "weighted avg": {
            "precision": 0.9304201680672269,
            "recall": 0.9285714285714286,
            "f1-score": 0.9289533995416348,
            "support": 84.0
        }
    }
}