{
    "Confusion Matrix": [
        [
            44,
            7
        ],
        [
            2,
            30
        ]
    ],
    "Accuracy": 0.891566265060241,
    "Precision": 0.8108108108108109,
    "Recall": 0.9375,
    "F1": 0.8695652173913043,
    "MCC": 0.7836160486210154,
    "AUC": 0.9724264705882353,
    "AUPR": 0.9576920598770897,
    "FP Rate": 0.13725490196078433,
    "FN Rate": 0.0625,
    "Class Report": {
        "0": {
            "precision": 0.9565217391304348,
            "recall": 0.8627450980392157,
            "f1-score": 0.9072164948453608,
            "support": 51.0
        },
        "1": {
            "precision": 0.8108108108108109,
            "recall": 0.9375,
            "f1-score": 0.8695652173913043,
            "support": 32.0
        },
        "accuracy": 0.891566265060241,
        "macro avg": {
            "precision": 0.8836662749706228,
            "recall": 0.9001225490196079,
            "f1-score": 0.8883908561183326,
            "support": 83.0
        },
        "weighted avg": {
            "precision": 0.9003440318264834,
            "recall": 0.891566265060241,
            "f1-score": 0.8927003396823511,
            "support": 83.0
        }
    }
}