{
    "Confusion Matrix": [
        [
            42,
            10
        ],
        [
            1,
            30
        ]
    ],
    "Accuracy": 0.8674698795180723,
    "Precision": 0.75,
    "Recall": 0.967741935483871,
    "F1": 0.8450704225352113,
    "MCC": 0.7506945636473364,
    "AUC": 0.9758064516129032,
    "AUPR": 0.9624735775993212,
    "FP Rate": 0.19230769230769232,
    "FN Rate": 0.03225806451612903,
    "Class Report": {
        "0": {
            "precision": 0.9767441860465116,
            "recall": 0.8076923076923077,
            "f1-score": 0.8842105263157894,
            "support": 52.0
        },
        "1": {
            "precision": 0.75,
            "recall": 0.967741935483871,
            "f1-score": 0.8450704225352113,
            "support": 31.0
        },
        "accuracy": 0.8674698795180723,
        "macro avg": {
            "precision": 0.8633720930232558,
            "recall": 0.8877171215880894,
            "f1-score": 0.8646404744255003,
            "support": 83.0
        },
        "weighted avg": {
            "precision": 0.892056598486971,
            "recall": 0.8674698795180723,
            "f1-score": 0.8695919333375012,
            "support": 83.0
        }
    }
}