{
    "Confusion Matrix": [
        [
            41,
            10
        ],
        [
            1,
            31
        ]
    ],
    "Accuracy": 0.8674698795180723,
    "Precision": 0.7560975609756098,
    "Recall": 0.96875,
    "F1": 0.8493150684931506,
    "MCC": 0.7522088449122603,
    "AUC": 0.9871323529411764,
    "AUPR": 0.9841634023184833,
    "FP Rate": 0.19607843137254902,
    "FN Rate": 0.03125,
    "Class Report": {
        "0": {
            "precision": 0.9761904761904762,
            "recall": 0.803921568627451,
            "f1-score": 0.8817204301075269,
            "support": 51.0
        },
        "1": {
            "precision": 0.7560975609756098,
            "recall": 0.96875,
            "f1-score": 0.8493150684931506,
            "support": 32.0
        },
        "accuracy": 0.8674698795180723,
        "macro avg": {
            "precision": 0.8661440185830429,
            "recall": 0.8863357843137255,
            "f1-score": 0.8655177493003388,
            "support": 83.0
        },
        "weighted avg": {
            "precision": 0.8913353763485999,
            "recall": 0.8674698795180723,
            "f1-score": 0.8692267967140324,
            "support": 83.0
        }
    }
}