{
    "Confusion Matrix": [
        [
            293,
            75
        ],
        [
            96,
            269
        ]
    ],
    "Accuracy": 0.7667121418826739,
    "Precision": 0.7819767441860465,
    "Recall": 0.736986301369863,
    "F1": 0.7588152327221439,
    "MCC": 0.5341850890134715,
    "AUC": 0.8492480643240025,
    "AUPR": 0.8356352136408411,
    "FP Rate": 0.20380434782608695,
    "FN Rate": 0.26301369863013696,
    "Class Report": {
        "0": {
            "precision": 0.7532133676092545,
            "recall": 0.7961956521739131,
            "f1-score": 0.774108322324967,
            "support": 368.0
        },
        "1": {
            "precision": 0.7819767441860465,
            "recall": 0.736986301369863,
            "f1-score": 0.7588152327221439,
            "support": 365.0
        },
        "accuracy": 0.7667121418826739,
        "macro avg": {
            "precision": 0.7675950558976505,
            "recall": 0.766590976771888,
            "f1-score": 0.7664617775235554,
            "support": 733.0
        },
        "weighted avg": {
            "precision": 0.7675361949633188,
            "recall": 0.7667121418826739,
            "f1-score": 0.7664930730684452,
            "support": 733.0
        }
    }
}