{
    "Confusion Matrix": [
        [
            285,
            83
        ],
        [
            79,
            286
        ]
    ],
    "Accuracy": 0.7789904502046384,
    "Precision": 0.7750677506775068,
    "Recall": 0.7835616438356164,
    "F1": 0.779291553133515,
    "MCC": 0.5580264745477824,
    "AUC": 0.857980941036331,
    "AUPR": 0.8380109641727495,
    "FP Rate": 0.22554347826086957,
    "FN Rate": 0.21643835616438356,
    "Class Report": {
        "0": {
            "precision": 0.782967032967033,
            "recall": 0.7744565217391305,
            "f1-score": 0.7786885245901639,
            "support": 368.0
        },
        "1": {
            "precision": 0.7750677506775068,
            "recall": 0.7835616438356164,
            "f1-score": 0.779291553133515,
            "support": 365.0
        },
        "accuracy": 0.7789904502046384,
        "macro avg": {
            "precision": 0.7790173918222698,
            "recall": 0.7790090827873735,
            "f1-score": 0.7789900388618394,
            "support": 733.0
        },
        "weighted avg": {
            "precision": 0.7790335567928488,
            "recall": 0.7789904502046384,
            "f1-score": 0.7789888048334423,
            "support": 733.0
        }
    }
}