{
    "Confusion Matrix": [
        [
            308,
            60
        ],
        [
            99,
            267
        ]
    ],
    "Accuracy": 0.7833787465940054,
    "Precision": 0.8165137614678899,
    "Recall": 0.7295081967213115,
    "F1": 0.7705627705627706,
    "MCC": 0.5698574582365279,
    "AUC": 0.8723123069612734,
    "AUPR": 0.8679654672618594,
    "FP Rate": 0.16304347826086957,
    "FN Rate": 0.27049180327868855,
    "Class Report": {
        "0": {
            "precision": 0.7567567567567568,
            "recall": 0.8369565217391305,
            "f1-score": 0.7948387096774193,
            "support": 368.0
        },
        "1": {
            "precision": 0.8165137614678899,
            "recall": 0.7295081967213115,
            "f1-score": 0.7705627705627706,
            "support": 366.0
        },
        "accuracy": 0.7833787465940054,
        "macro avg": {
            "precision": 0.7866352591123233,
            "recall": 0.783232359230221,
            "f1-score": 0.7827007401200949,
            "support": 734.0
        },
        "weighted avg": {
            "precision": 0.7865538462993653,
            "recall": 0.7833787465940054,
            "f1-score": 0.7827338136066272,
            "support": 734.0
        }
    }
}