{
    "Confusion Matrix": [
        [
            298,
            70
        ],
        [
            80,
            286
        ]
    ],
    "Accuracy": 0.7956403269754768,
    "Precision": 0.8033707865168539,
    "Recall": 0.7814207650273224,
    "F1": 0.7922437673130194,
    "MCC": 0.5914669155600388,
    "AUC": 0.873477963886909,
    "AUPR": 0.8663845737738265,
    "FP Rate": 0.19021739130434784,
    "FN Rate": 0.2185792349726776,
    "Class Report": {
        "0": {
            "precision": 0.7883597883597884,
            "recall": 0.8097826086956522,
            "f1-score": 0.7989276139410187,
            "support": 368.0
        },
        "1": {
            "precision": 0.8033707865168539,
            "recall": 0.7814207650273224,
            "f1-score": 0.7922437673130194,
            "support": 366.0
        },
        "accuracy": 0.7956403269754768,
        "macro avg": {
            "precision": 0.7958652874383212,
            "recall": 0.7956016868614872,
            "f1-score": 0.7955856906270191,
            "support": 734.0
        },
        "weighted avg": {
            "precision": 0.7958448364871535,
            "recall": 0.7956403269754768,
            "f1-score": 0.7955947966850954,
            "support": 734.0
        }
    }
}