{
    "Confusion Matrix": [
        [
            306,
            62
        ],
        [
            109,
            257
        ]
    ],
    "Accuracy": 0.7670299727520435,
    "Precision": 0.8056426332288401,
    "Recall": 0.7021857923497268,
    "F1": 0.7503649635036497,
    "MCC": 0.5383297654615765,
    "AUC": 0.8532237467331907,
    "AUPR": 0.8489603822107636,
    "FP Rate": 0.16847826086956522,
    "FN Rate": 0.2978142076502732,
    "Class Report": {
        "0": {
            "precision": 0.7373493975903614,
            "recall": 0.8315217391304348,
            "f1-score": 0.7816091954022989,
            "support": 368.0
        },
        "1": {
            "precision": 0.8056426332288401,
            "recall": 0.7021857923497268,
            "f1-score": 0.7503649635036497,
            "support": 366.0
        },
        "accuracy": 0.7670299727520435,
        "macro avg": {
            "precision": 0.7714960154096008,
            "recall": 0.7668537657400808,
            "f1-score": 0.7659870794529743,
            "support": 734.0
        },
        "weighted avg": {
            "precision": 0.7714029728542349,
            "recall": 0.7670299727520435,
            "f1-score": 0.7660296465264056,
            "support": 734.0
        }
    }
}