{
    "Confusion Matrix": [
        [
            288,
            80
        ],
        [
            88,
            278
        ]
    ],
    "Accuracy": 0.771117166212534,
    "Precision": 0.776536312849162,
    "Recall": 0.7595628415300546,
    "F1": 0.7679558011049724,
    "MCC": 0.5423326244892215,
    "AUC": 0.863974518888097,
    "AUPR": 0.8636173608927243,
    "FP Rate": 0.21739130434782608,
    "FN Rate": 0.24043715846994534,
    "Class Report": {
        "0": {
            "precision": 0.7659574468085106,
            "recall": 0.782608695652174,
            "f1-score": 0.7741935483870968,
            "support": 368.0
        },
        "1": {
            "precision": 0.776536312849162,
            "recall": 0.7595628415300546,
            "f1-score": 0.7679558011049724,
            "support": 366.0
        },
        "accuracy": 0.771117166212534,
        "macro avg": {
            "precision": 0.7712468798288363,
            "recall": 0.7710857685911143,
            "f1-score": 0.7710746747460346,
            "support": 734.0
        },
        "weighted avg": {
            "precision": 0.7712324672048027,
            "recall": 0.771117166212534,
            "f1-score": 0.7710831730393345,
            "support": 734.0
        }
    }
}