{
    "Confusion Matrix": [
        [
            297,
            71
        ],
        [
            118,
            247
        ]
    ],
    "Accuracy": 0.7421555252387448,
    "Precision": 0.7767295597484277,
    "Recall": 0.6767123287671233,
    "F1": 0.7232796486090776,
    "MCC": 0.4880658718565071,
    "AUC": 0.8353558665872542,
    "AUPR": 0.8212113365358514,
    "FP Rate": 0.19293478260869565,
    "FN Rate": 0.3232876712328767,
    "Class Report": {
        "0": {
            "precision": 0.7156626506024096,
            "recall": 0.8070652173913043,
            "f1-score": 0.7586206896551724,
            "support": 368.0
        },
        "1": {
            "precision": 0.7767295597484277,
            "recall": 0.6767123287671233,
            "f1-score": 0.7232796486090776,
            "support": 365.0
        },
        "accuracy": 0.7421555252387448,
        "macro avg": {
            "precision": 0.7461961051754187,
            "recall": 0.7418887730792139,
            "f1-score": 0.740950169132125,
            "support": 733.0
        },
        "weighted avg": {
            "precision": 0.7460711387856247,
            "recall": 0.7421555252387448,
            "f1-score": 0.7410224904985221,
            "support": 733.0
        }
    }
}