{
    "Confusion Matrix": [
        [
            296,
            72
        ],
        [
            82,
            284
        ]
    ],
    "Accuracy": 0.7901907356948229,
    "Precision": 0.797752808988764,
    "Recall": 0.7759562841530054,
    "F1": 0.7867036011080333,
    "MCC": 0.5805627934918952,
    "AUC": 0.8588367189356142,
    "AUPR": 0.855812406705163,
    "FP Rate": 0.1956521739130435,
    "FN Rate": 0.22404371584699453,
    "Class Report": {
        "0": {
            "precision": 0.783068783068783,
            "recall": 0.8043478260869565,
            "f1-score": 0.7935656836461126,
            "support": 368.0
        },
        "1": {
            "precision": 0.797752808988764,
            "recall": 0.7759562841530054,
            "f1-score": 0.7867036011080333,
            "support": 366.0
        },
        "accuracy": 0.7901907356948229,
        "macro avg": {
            "precision": 0.7904107960287735,
            "recall": 0.790152055119981,
            "f1-score": 0.790134642377073,
            "support": 734.0
        },
        "weighted avg": {
            "precision": 0.7903907905438688,
            "recall": 0.7901907356948229,
            "f1-score": 0.7901439912633645,
            "support": 734.0
        }
    }
}