{
    "Confusion Matrix": [
        [
            283,
            85
        ],
        [
            79,
            286
        ]
    ],
    "Accuracy": 0.7762619372442019,
    "Precision": 0.77088948787062,
    "Recall": 0.7835616438356164,
    "F1": 0.7771739130434783,
    "MCC": 0.5526204120782109,
    "AUC": 0.8580851697438953,
    "AUPR": 0.8361788298770492,
    "FP Rate": 0.23097826086956522,
    "FN Rate": 0.21643835616438356,
    "Class Report": {
        "0": {
            "precision": 0.7817679558011049,
            "recall": 0.7690217391304348,
            "f1-score": 0.7753424657534247,
            "support": 368.0
        },
        "1": {
            "precision": 0.77088948787062,
            "recall": 0.7835616438356164,
            "f1-score": 0.7771739130434783,
            "support": 365.0
        },
        "accuracy": 0.7762619372442019,
        "macro avg": {
            "precision": 0.7763287218358624,
            "recall": 0.7762916914830256,
            "f1-score": 0.7762581893984515,
            "support": 733.0
        },
        "weighted avg": {
            "precision": 0.776350983366416,
            "recall": 0.7762619372442019,
            "f1-score": 0.776254441552701,
            "support": 733.0
        }
    }
}