{
    "Confusion Matrix": [
        [
            286,
            82
        ],
        [
            88,
            278
        ]
    ],
    "Accuracy": 0.7683923705722071,
    "Precision": 0.7722222222222223,
    "Recall": 0.7595628415300546,
    "F1": 0.7658402203856749,
    "MCC": 0.5368324210486841,
    "AUC": 0.8678872653837015,
    "AUPR": 0.862082586458083,
    "FP Rate": 0.22282608695652173,
    "FN Rate": 0.24043715846994534,
    "Class Report": {
        "0": {
            "precision": 0.7647058823529411,
            "recall": 0.7771739130434783,
            "f1-score": 0.77088948787062,
            "support": 368.0
        },
        "1": {
            "precision": 0.7722222222222223,
            "recall": 0.7595628415300546,
            "f1-score": 0.7658402203856749,
            "support": 366.0
        },
        "accuracy": 0.7683923705722071,
        "macro avg": {
            "precision": 0.7684640522875816,
            "recall": 0.7683683772867664,
            "f1-score": 0.7683648541281474,
            "support": 734.0
        },
        "weighted avg": {
            "precision": 0.7684538120425282,
            "recall": 0.7683923705722071,
            "f1-score": 0.7683717332391623,
            "support": 734.0
        }
    }
}