{
    "Confusion Matrix": [
        [
            933,
            197
        ],
        [
            90,
            539
        ]
    ],
    "Accuracy": 0.8368391131324616,
    "Precision": 0.7323369565217391,
    "Recall": 0.8569157392686805,
    "F1": 0.7897435897435897,
    "MCC": 0.663194679495364,
    "AUC": 0.9205593933339901,
    "AUPR": 0.8759722443757688,
    "FP Rate": 0.1743362831858407,
    "FN Rate": 0.14308426073131955,
    "Class Report": {
        "0": {
            "precision": 0.9120234604105572,
            "recall": 0.8256637168141593,
            "f1-score": 0.866697631212262,
            "support": 1130.0
        },
        "1": {
            "precision": 0.7323369565217391,
            "recall": 0.8569157392686805,
            "f1-score": 0.7897435897435897,
            "support": 629.0
        },
        "accuracy": 0.8368391131324616,
        "macro avg": {
            "precision": 0.8221802084661481,
            "recall": 0.8412897280414199,
            "f1-score": 0.8282206104779258,
            "support": 1759.0
        },
        "weighted avg": {
            "precision": 0.8477694462285978,
            "recall": 0.8368391131324616,
            "f1-score": 0.8391796709599624,
            "support": 1759.0
        }
    }
}