{
    "Confusion Matrix": [
        [
            881,
            249
        ],
        [
            83,
            545
        ]
    ],
    "Accuracy": 0.8111490329920364,
    "Precision": 0.6863979848866498,
    "Recall": 0.8678343949044586,
    "F1": 0.7665260196905767,
    "MCC": 0.6234432256457468,
    "AUC": 0.9122245082013415,
    "AUPR": 0.8726819269622497,
    "FP Rate": 0.22035398230088496,
    "FN Rate": 0.1321656050955414,
    "Class Report": {
        "0": {
            "precision": 0.9139004149377593,
            "recall": 0.779646017699115,
            "f1-score": 0.8414517669531996,
            "support": 1130.0
        },
        "1": {
            "precision": 0.6863979848866498,
            "recall": 0.8678343949044586,
            "f1-score": 0.7665260196905767,
            "support": 628.0
        },
        "accuracy": 0.8111490329920364,
        "macro avg": {
            "precision": 0.8001491999122046,
            "recall": 0.8237402063017868,
            "f1-score": 0.8039888933218882,
            "support": 1758.0
        },
        "weighted avg": {
            "precision": 0.8326310599479432,
            "recall": 0.8111490329920364,
            "f1-score": 0.8146864829481216,
            "support": 1758.0
        }
    }
}