{
    "Confusion Matrix": [
        [
            921,
            208
        ],
        [
            85,
            544
        ]
    ],
    "Accuracy": 0.8333333333333334,
    "Precision": 0.723404255319149,
    "Recall": 0.8648648648648649,
    "F1": 0.7878349022447502,
    "MCC": 0.6594412764779247,
    "AUC": 0.9151745920880501,
    "AUPR": 0.8719460913632948,
    "FP Rate": 0.18423383525243578,
    "FN Rate": 0.13513513513513514,
    "Class Report": {
        "0": {
            "precision": 0.915506958250497,
            "recall": 0.8157661647475642,
            "f1-score": 0.8627634660421546,
            "support": 1129.0
        },
        "1": {
            "precision": 0.723404255319149,
            "recall": 0.8648648648648649,
            "f1-score": 0.7878349022447502,
            "support": 629.0
        },
        "accuracy": 0.8333333333333334,
        "macro avg": {
            "precision": 0.819455606784823,
            "recall": 0.8403155148062146,
            "f1-score": 0.8252991841434524,
            "support": 1758.0
        },
        "weighted avg": {
            "precision": 0.8467739661322843,
            "recall": 0.8333333333333334,
            "f1-score": 0.835954554421809,
            "support": 1758.0
        }
    }
}