{
    "Confusion Matrix": [
        [
            906,
            223
        ],
        [
            88,
            541
        ]
    ],
    "Accuracy": 0.823094425483504,
    "Precision": 0.7081151832460733,
    "Recall": 0.8600953895071543,
    "F1": 0.7767408470926059,
    "MCC": 0.6407192454320575,
    "AUC": 0.9159462698252883,
    "AUPR": 0.8765087057260257,
    "FP Rate": 0.1975199291408326,
    "FN Rate": 0.13990461049284578,
    "Class Report": {
        "0": {
            "precision": 0.9114688128772636,
            "recall": 0.8024800708591674,
            "f1-score": 0.8535091851154027,
            "support": 1129.0
        },
        "1": {
            "precision": 0.7081151832460733,
            "recall": 0.8600953895071543,
            "f1-score": 0.7767408470926059,
            "support": 629.0
        },
        "accuracy": 0.823094425483504,
        "macro avg": {
            "precision": 0.8097919980616683,
            "recall": 0.8312877301831608,
            "f1-score": 0.8151250161040043,
            "support": 1758.0
        },
        "weighted avg": {
            "precision": 0.8387103185439196,
            "recall": 0.823094425483504,
            "f1-score": 0.8260420152540039,
            "support": 1758.0
        }
    }
}