{
    "Confusion Matrix": [
        [
            938,
            192
        ],
        [
            85,
            544
        ]
    ],
    "Accuracy": 0.8425241614553723,
    "Precision": 0.7391304347826086,
    "Recall": 0.8648648648648649,
    "F1": 0.7970695970695971,
    "MCC": 0.6752171736697483,
    "AUC": 0.9232578752620397,
    "AUPR": 0.891909069018424,
    "FP Rate": 0.16991150442477876,
    "FN Rate": 0.13513513513513514,
    "Class Report": {
        "0": {
            "precision": 0.916911045943304,
            "recall": 0.8300884955752212,
            "f1-score": 0.871342313051556,
            "support": 1130.0
        },
        "1": {
            "precision": 0.7391304347826086,
            "recall": 0.8648648648648649,
            "f1-score": 0.7970695970695971,
            "support": 629.0
        },
        "accuracy": 0.8425241614553723,
        "macro avg": {
            "precision": 0.8280207403629563,
            "recall": 0.8474766802200431,
            "f1-score": 0.8342059550605765,
            "support": 1759.0
        },
        "weighted avg": {
            "precision": 0.8533385590643514,
            "recall": 0.8425241614553723,
            "f1-score": 0.8447831667453296,
            "support": 1759.0
        }
    }
}