{
    "Confusion Matrix": [
        [
            919,
            210
        ],
        [
            87,
            542
        ]
    ],
    "Accuracy": 0.8310580204778157,
    "Precision": 0.7207446808510638,
    "Recall": 0.8616852146263911,
    "F1": 0.7849384503982622,
    "MCC": 0.6546442881464333,
    "AUC": 0.9165743141150842,
    "AUPR": 0.878724581350391,
    "FP Rate": 0.18600531443755536,
    "FN Rate": 0.1383147853736089,
    "Class Report": {
        "0": {
            "precision": 0.9135188866799204,
            "recall": 0.8139946855624446,
            "f1-score": 0.8608899297423888,
            "support": 1129.0
        },
        "1": {
            "precision": 0.7207446808510638,
            "recall": 0.8616852146263911,
            "f1-score": 0.7849384503982622,
            "support": 629.0
        },
        "accuracy": 0.8310580204778157,
        "macro avg": {
            "precision": 0.8171317837654921,
            "recall": 0.8378399500944178,
            "f1-score": 0.8229141900703254,
            "support": 1758.0
        },
        "weighted avg": {
            "precision": 0.8445456355614046,
            "recall": 0.8310580204778157,
            "f1-score": 0.8337150261545301,
            "support": 1758.0
        }
    }
}