{
    "Confusion Matrix": [
        [
            874,
            255
        ],
        [
            77,
            552
        ]
    ],
    "Accuracy": 0.8111490329920364,
    "Precision": 0.6840148698884758,
    "Recall": 0.8775834658187599,
    "F1": 0.7688022284122563,
    "MCC": 0.6269114903449374,
    "AUC": 0.9131609074817536,
    "AUPR": 0.8669334378385091,
    "FP Rate": 0.22586359610274578,
    "FN Rate": 0.12241653418124006,
    "Class Report": {
        "0": {
            "precision": 0.9190325972660357,
            "recall": 0.7741364038972542,
            "f1-score": 0.8403846153846154,
            "support": 1129.0
        },
        "1": {
            "precision": 0.6840148698884758,
            "recall": 0.8775834658187599,
            "f1-score": 0.7688022284122563,
            "support": 629.0
        },
        "accuracy": 0.8111490329920364,
        "macro avg": {
            "precision": 0.8015237335772558,
            "recall": 0.8258599348580071,
            "f1-score": 0.8045934218984359,
            "support": 1758.0
        },
        "weighted avg": {
            "precision": 0.8349449121007996,
            "recall": 0.8111490329920364,
            "f1-score": 0.8147729422301138,
            "support": 1758.0
        }
    }
}