{
    "Confusion Matrix": [
        [
            902,
            227
        ],
        [
            77,
            552
        ]
    ],
    "Accuracy": 0.8270762229806599,
    "Precision": 0.7086007702182285,
    "Recall": 0.8775834658187599,
    "F1": 0.7840909090909091,
    "MCC": 0.6528196681857767,
    "AUC": 0.9244417657901741,
    "AUPR": 0.8900704723398992,
    "FP Rate": 0.20106288751107174,
    "FN Rate": 0.12241653418124006,
    "Class Report": {
        "0": {
            "precision": 0.9213483146067416,
            "recall": 0.7989371124889283,
            "f1-score": 0.855787476280835,
            "support": 1129.0
        },
        "1": {
            "precision": 0.7086007702182285,
            "recall": 0.8775834658187599,
            "f1-score": 0.7840909090909091,
            "support": 629.0
        },
        "accuracy": 0.8270762229806599,
        "macro avg": {
            "precision": 0.814974542412485,
            "recall": 0.8382602891538441,
            "f1-score": 0.819939192685872,
            "support": 1758.0
        },
        "weighted avg": {
            "precision": 0.8452287438329221,
            "recall": 0.8270762229806599,
            "f1-score": 0.8301349502498546,
            "support": 1758.0
        }
    }
}