{
    "Confusion Matrix": [
        [
            900,
            229
        ],
        [
            102,
            527
        ]
    ],
    "Accuracy": 0.8117178612059158,
    "Precision": 0.6970899470899471,
    "Recall": 0.8378378378378378,
    "F1": 0.7610108303249098,
    "MCC": 0.6148279956113257,
    "AUC": 0.9030699537134175,
    "AUPR": 0.8579076846278352,
    "FP Rate": 0.20283436669619131,
    "FN Rate": 0.16216216216216217,
    "Class Report": {
        "0": {
            "precision": 0.8982035928143712,
            "recall": 0.7971656333038086,
            "f1-score": 0.8446738620366026,
            "support": 1129.0
        },
        "1": {
            "precision": 0.6970899470899471,
            "recall": 0.8378378378378378,
            "f1-score": 0.7610108303249098,
            "support": 629.0
        },
        "accuracy": 0.8117178612059158,
        "macro avg": {
            "precision": 0.7976467699521592,
            "recall": 0.8175017355708232,
            "f1-score": 0.8028423461807561,
            "support": 1758.0
        },
        "weighted avg": {
            "precision": 0.8262465489232093,
            "recall": 0.8117178612059158,
            "f1-score": 0.8147398194048309,
            "support": 1758.0
        }
    }
}