{
    "Confusion Matrix": [
        [
            915,
            214
        ],
        [
            89,
            540
        ]
    ],
    "Accuracy": 0.8276450511945392,
    "Precision": 0.7161803713527851,
    "Recall": 0.8585055643879174,
    "F1": 0.7809110629067245,
    "MCC": 0.6479151816003342,
    "AUC": 0.9207762965382931,
    "AUPR": 0.8739153823389865,
    "FP Rate": 0.18954827280779452,
    "FN Rate": 0.14149443561208266,
    "Class Report": {
        "0": {
            "precision": 0.9113545816733067,
            "recall": 0.8104517271922055,
            "f1-score": 0.8579465541490858,
            "support": 1129.0
        },
        "1": {
            "precision": 0.7161803713527851,
            "recall": 0.8585055643879174,
            "f1-score": 0.7809110629067245,
            "support": 629.0
        },
        "accuracy": 0.8276450511945392,
        "macro avg": {
            "precision": 0.8137674765130459,
            "recall": 0.8344786457900615,
            "f1-score": 0.8194288085279051,
            "support": 1758.0
        },
        "weighted avg": {
            "precision": 0.8415226258760325,
            "recall": 0.8276450511945392,
            "f1-score": 0.830383798750084,
            "support": 1758.0
        }
    }
}