{
    "Confusion Matrix": [
        [
            783,
            174
        ],
        [
            98,
            454
        ]
    ],
    "Accuracy": 0.8197481776010603,
    "Precision": 0.7229299363057324,
    "Recall": 0.822463768115942,
    "F1": 0.7694915254237288,
    "MCC": 0.6260017829018085,
    "AUC": 0.9006689836899733,
    "AUPR": 0.8713586931631746,
    "FP Rate": 0.18181818181818182,
    "FN Rate": 0.17753623188405798,
    "Class Report": {
        "0": {
            "precision": 0.8887627695800226,
            "recall": 0.8181818181818182,
            "f1-score": 0.8520130576713819,
            "support": 957.0
        },
        "1": {
            "precision": 0.7229299363057324,
            "recall": 0.822463768115942,
            "f1-score": 0.7694915254237288,
            "support": 552.0
        },
        "accuracy": 0.8197481776010603,
        "macro avg": {
            "precision": 0.8058463529428775,
            "recall": 0.8203227931488801,
            "f1-score": 0.8107522915475553,
            "support": 1509.0
        },
        "weighted avg": {
            "precision": 0.8281002619806799,
            "recall": 0.8197481776010603,
            "f1-score": 0.8218262546225386,
            "support": 1509.0
        }
    }
}