{
    "Confusion Matrix": [
        [
            773,
            184
        ],
        [
            82,
            470
        ]
    ],
    "Accuracy": 0.8237243207422134,
    "Precision": 0.7186544342507645,
    "Recall": 0.8514492753623188,
    "F1": 0.7794361525704809,
    "MCC": 0.6407059634549613,
    "AUC": 0.9075670498084292,
    "AUPR": 0.8731391796939802,
    "FP Rate": 0.1922675026123302,
    "FN Rate": 0.14855072463768115,
    "Class Report": {
        "0": {
            "precision": 0.904093567251462,
            "recall": 0.8077324973876698,
            "f1-score": 0.8532008830022075,
            "support": 957.0
        },
        "1": {
            "precision": 0.7186544342507645,
            "recall": 0.8514492753623188,
            "f1-score": 0.7794361525704809,
            "support": 552.0
        },
        "accuracy": 0.8237243207422134,
        "macro avg": {
            "precision": 0.8113740007511132,
            "recall": 0.8295908863749943,
            "f1-score": 0.8163185177863442,
            "support": 1509.0
        },
        "weighted avg": {
            "precision": 0.8362589738675089,
            "recall": 0.8237243207422134,
            "f1-score": 0.8262173633214169,
            "support": 1509.0
        }
    }
}