{
    "Confusion Matrix": [
        [
            772,
            185
        ],
        [
            95,
            456
        ]
    ],
    "Accuracy": 0.8143236074270557,
    "Precision": 0.7113884555382215,
    "Recall": 0.8275862068965517,
    "F1": 0.7651006711409396,
    "MCC": 0.6178313736422175,
    "AUC": 0.8968267062640929,
    "AUPR": 0.8599972547300834,
    "FP Rate": 0.19331243469174503,
    "FN Rate": 0.1724137931034483,
    "Class Report": {
        "0": {
            "precision": 0.8904267589388697,
            "recall": 0.8066875653082549,
            "f1-score": 0.8464912280701754,
            "support": 957.0
        },
        "1": {
            "precision": 0.7113884555382215,
            "recall": 0.8275862068965517,
            "f1-score": 0.7651006711409396,
            "support": 551.0
        },
        "accuracy": 0.8143236074270557,
        "macro avg": {
            "precision": 0.8009076072385456,
            "recall": 0.8171368861024033,
            "f1-score": 0.8057959496055576,
            "support": 1508.0
        },
        "weighted avg": {
            "precision": 0.8250089173117098,
            "recall": 0.8143236074270557,
            "f1-score": 0.816752370730647,
            "support": 1508.0
        }
    }
}