{
    "Confusion Matrix": [
        [
            772,
            184
        ],
        [
            95,
            457
        ]
    ],
    "Accuracy": 0.8149867374005305,
    "Precision": 0.7129485179407177,
    "Recall": 0.8278985507246377,
    "F1": 0.7661357921207042,
    "MCC": 0.6191952122254984,
    "AUC": 0.9055052756048754,
    "AUPR": 0.8687616194469436,
    "FP Rate": 0.19246861924686193,
    "FN Rate": 0.1721014492753623,
    "Class Report": {
        "0": {
            "precision": 0.8904267589388697,
            "recall": 0.8075313807531381,
            "f1-score": 0.8469555677454745,
            "support": 956.0
        },
        "1": {
            "precision": 0.7129485179407177,
            "recall": 0.8278985507246377,
            "f1-score": 0.7661357921207042,
            "support": 552.0
        },
        "accuracy": 0.8149867374005305,
        "macro avg": {
            "precision": 0.8016876384397937,
            "recall": 0.8177149657388879,
            "f1-score": 0.8065456799330893,
            "support": 1508.0
        },
        "weighted avg": {
            "precision": 0.8254612489713765,
            "recall": 0.8149867374005305,
            "f1-score": 0.8173716710976806,
            "support": 1508.0
        }
    }
}