{
    "Confusion Matrix": [
        [
            742,
            214
        ],
        [
            86,
            466
        ]
    ],
    "Accuracy": 0.8010610079575596,
    "Precision": 0.6852941176470588,
    "Recall": 0.8442028985507246,
    "F1": 0.7564935064935064,
    "MCC": 0.6005761968110682,
    "AUC": 0.9022288672609302,
    "AUPR": 0.8681624907158366,
    "FP Rate": 0.22384937238493724,
    "FN Rate": 0.15579710144927536,
    "Class Report": {
        "0": {
            "precision": 0.8961352657004831,
            "recall": 0.7761506276150628,
            "f1-score": 0.8318385650224215,
            "support": 956.0
        },
        "1": {
            "precision": 0.6852941176470588,
            "recall": 0.8442028985507246,
            "f1-score": 0.7564935064935064,
            "support": 552.0
        },
        "accuracy": 0.8010610079575596,
        "macro avg": {
            "precision": 0.790714691673771,
            "recall": 0.8101767630828938,
            "f1-score": 0.794166035757964,
            "support": 1508.0
        },
        "weighted avg": {
            "precision": 0.8189573388268159,
            "recall": 0.8010610079575596,
            "f1-score": 0.8042586762240388,
            "support": 1508.0
        }
    }
}