{
    "Confusion Matrix": [
        [
            758,
            198
        ],
        [
            104,
            448
        ]
    ],
    "Accuracy": 0.7997347480106101,
    "Precision": 0.6934984520123839,
    "Recall": 0.8115942028985508,
    "F1": 0.7479131886477463,
    "MCC": 0.588452503185521,
    "AUC": 0.8886551755503,
    "AUPR": 0.8523937886461196,
    "FP Rate": 0.20711297071129708,
    "FN Rate": 0.18840579710144928,
    "Class Report": {
        "0": {
            "precision": 0.8793503480278422,
            "recall": 0.7928870292887029,
            "f1-score": 0.8338833883388339,
            "support": 956.0
        },
        "1": {
            "precision": 0.6934984520123839,
            "recall": 0.8115942028985508,
            "f1-score": 0.7479131886477463,
            "support": 552.0
        },
        "accuracy": 0.7997347480106101,
        "macro avg": {
            "precision": 0.786424400020113,
            "recall": 0.8022406160936268,
            "f1-score": 0.79089828849329,
            "support": 1508.0
        },
        "weighted avg": {
            "precision": 0.8113196805208575,
            "recall": 0.7997347480106101,
            "f1-score": 0.8024141905739265,
            "support": 1508.0
        }
    }
}