{
    "Confusion Matrix": [
        [
            739,
            218
        ],
        [
            80,
            472
        ]
    ],
    "Accuracy": 0.802518223989397,
    "Precision": 0.6840579710144927,
    "Recall": 0.855072463768116,
    "F1": 0.7600644122383253,
    "MCC": 0.6064829031727164,
    "AUC": 0.8938731391879818,
    "AUPR": 0.8596519294254721,
    "FP Rate": 0.2277951933124347,
    "FN Rate": 0.14492753623188406,
    "Class Report": {
        "0": {
            "precision": 0.9023199023199023,
            "recall": 0.7722048066875653,
            "f1-score": 0.8322072072072072,
            "support": 957.0
        },
        "1": {
            "precision": 0.6840579710144927,
            "recall": 0.855072463768116,
            "f1-score": 0.7600644122383253,
            "support": 552.0
        },
        "accuracy": 0.802518223989397,
        "macro avg": {
            "precision": 0.7931889366671976,
            "recall": 0.8136386352278406,
            "f1-score": 0.7961358097227662,
            "support": 1509.0
        },
        "weighted avg": {
            "precision": 0.8224785596554981,
            "recall": 0.802518223989397,
            "f1-score": 0.805816999902487,
            "support": 1509.0
        }
    }
}