{
    "Confusion Matrix": [
        [
            753,
            203
        ],
        [
            108,
            444
        ]
    ],
    "Accuracy": 0.7937665782493368,
    "Precision": 0.6862442040185471,
    "Recall": 0.8043478260869565,
    "F1": 0.7406171809841534,
    "MCC": 0.5761956105352324,
    "AUC": 0.890483824510339,
    "AUPR": 0.8616928639286808,
    "FP Rate": 0.21234309623430964,
    "FN Rate": 0.1956521739130435,
    "Class Report": {
        "0": {
            "precision": 0.8745644599303136,
            "recall": 0.7876569037656904,
            "f1-score": 0.8288387451843698,
            "support": 956.0
        },
        "1": {
            "precision": 0.6862442040185471,
            "recall": 0.8043478260869565,
            "f1-score": 0.7406171809841534,
            "support": 552.0
        },
        "accuracy": 0.7937665782493368,
        "macro avg": {
            "precision": 0.7804043319744304,
            "recall": 0.7960023649263235,
            "f1-score": 0.7847279630842616,
            "support": 1508.0
        },
        "weighted avg": {
            "precision": 0.805630254848553,
            "recall": 0.7937665782493368,
            "f1-score": 0.7965454405169167,
            "support": 1508.0
        }
    }
}