{
    "Confusion Matrix": [
        [
            761,
            196
        ],
        [
            96,
            455
        ]
    ],
    "Accuracy": 0.8063660477453581,
    "Precision": 0.6989247311827957,
    "Recall": 0.8257713248638838,
    "F1": 0.757071547420965,
    "MCC": 0.6036952124610402,
    "AUC": 0.8921728708323614,
    "AUPR": 0.8605261766253102,
    "FP Rate": 0.20480668756530826,
    "FN Rate": 0.17422867513611615,
    "Class Report": {
        "0": {
            "precision": 0.8879813302217037,
            "recall": 0.7951933124346917,
            "f1-score": 0.8390297684674752,
            "support": 957.0
        },
        "1": {
            "precision": 0.6989247311827957,
            "recall": 0.8257713248638838,
            "f1-score": 0.757071547420965,
            "support": 551.0
        },
        "accuracy": 0.8063660477453581,
        "macro avg": {
            "precision": 0.7934530307022497,
            "recall": 0.8104823186492878,
            "f1-score": 0.7980506579442201,
            "support": 1508.0
        },
        "weighted avg": {
            "precision": 0.8189029574959489,
            "recall": 0.8063660477453581,
            "f1-score": 0.8090834953927888,
            "support": 1508.0
        }
    }
}