{
    "Confusion Matrix": [
        [
            768,
            188
        ],
        [
            86,
            466
        ]
    ],
    "Accuracy": 0.8183023872679045,
    "Precision": 0.7125382262996942,
    "Recall": 0.8442028985507246,
    "F1": 0.7728026533996684,
    "MCC": 0.6294396593219017,
    "AUC": 0.9124939360863501,
    "AUPR": 0.8804976404481264,
    "FP Rate": 0.19665271966527198,
    "FN Rate": 0.15579710144927536,
    "Class Report": {
        "0": {
            "precision": 0.8992974238875878,
            "recall": 0.803347280334728,
            "f1-score": 0.8486187845303867,
            "support": 956.0
        },
        "1": {
            "precision": 0.7125382262996942,
            "recall": 0.8442028985507246,
            "f1-score": 0.7728026533996684,
            "support": 552.0
        },
        "accuracy": 0.8183023872679045,
        "macro avg": {
            "precision": 0.805917825093641,
            "recall": 0.8237750894427263,
            "f1-score": 0.8107107189650276,
            "support": 1508.0
        },
        "weighted avg": {
            "precision": 0.8309346406856533,
            "recall": 0.8183023872679045,
            "f1-score": 0.820866460668214,
            "support": 1508.0
        }
    }
}