{
    "Confusion Matrix": [
        [
            4599,
            1121
        ],
        [
            42,
            209
        ]
    ],
    "Accuracy": 0.8052252554011053,
    "Precision": 0.15714285714285714,
    "Recall": 0.8326693227091634,
    "F1": 0.26438962681846934,
    "MCC": 0.3070658397574438,
    "AUC": 0.9047216727495613,
    "AUPR": 0.41914709916696896,
    "FP Rate": 0.19597902097902098,
    "FN Rate": 0.16733067729083664,
    "Class Report": {
        "0": {
            "precision": 0.9909502262443439,
            "recall": 0.804020979020979,
            "f1-score": 0.8877521474761123,
            "support": 5720.0
        },
        "1": {
            "precision": 0.15714285714285714,
            "recall": 0.8326693227091634,
            "f1-score": 0.26438962681846934,
            "support": 251.0
        },
        "accuracy": 0.8052252554011053,
        "macro avg": {
            "precision": 0.5740465416936005,
            "recall": 0.8183451508650712,
            "f1-score": 0.5760708871472908,
            "support": 5971.0
        },
        "weighted avg": {
            "precision": 0.9558998746040034,
            "recall": 0.8052252554011053,
            "f1-score": 0.861548162769184,
            "support": 5971.0
        }
    }
}