{
    "Confusion Matrix": [
        [
            4683,
            1037
        ],
        [
            39,
            212
        ]
    ],
    "Accuracy": 0.819795679115726,
    "Precision": 0.16973578863090472,
    "Recall": 0.8446215139442231,
    "F1": 0.2826666666666667,
    "MCC": 0.32727954936415316,
    "AUC": 0.9092977739392083,
    "AUPR": 0.4135063151168217,
    "FP Rate": 0.18129370629370628,
    "FN Rate": 0.1553784860557769,
    "Class Report": {
        "0": {
            "precision": 0.9917407878017789,
            "recall": 0.8187062937062937,
            "f1-score": 0.8969546063972419,
            "support": 5720.0
        },
        "1": {
            "precision": 0.16973578863090472,
            "recall": 0.8446215139442231,
            "f1-score": 0.2826666666666667,
            "support": 251.0
        },
        "accuracy": 0.819795679115726,
        "macro avg": {
            "precision": 0.5807382882163418,
            "recall": 0.8316639038252585,
            "f1-score": 0.5898106365319543,
            "support": 5971.0
        },
        "weighted avg": {
            "precision": 0.9571865666006586,
            "recall": 0.819795679115726,
            "f1-score": 0.8711320854003611,
            "support": 5971.0
        }
    }
}