{
    "Confusion Matrix": [
        [
            4630,
            1090
        ],
        [
            48,
            203
        ]
    ],
    "Accuracy": 0.8094121587673756,
    "Precision": 0.15699922660479504,
    "Recall": 0.8087649402390438,
    "F1": 0.26295336787564766,
    "MCC": 0.3011884879964928,
    "AUC": 0.8977363274176022,
    "AUPR": 0.43827329568082074,
    "FP Rate": 0.19055944055944055,
    "FN Rate": 0.19123505976095617,
    "Class Report": {
        "0": {
            "precision": 0.9897392047883711,
            "recall": 0.8094405594405595,
            "f1-score": 0.890555876130025,
            "support": 5720.0
        },
        "1": {
            "precision": 0.15699922660479504,
            "recall": 0.8087649402390438,
            "f1-score": 0.26295336787564766,
            "support": 251.0
        },
        "accuracy": 0.8094121587673756,
        "macro avg": {
            "precision": 0.5733692156965831,
            "recall": 0.8091027498398016,
            "f1-score": 0.5767546220028363,
            "support": 5971.0
        },
        "weighted avg": {
            "precision": 0.954733722536809,
            "recall": 0.8094121587673756,
            "f1-score": 0.864173657142946,
            "support": 5971.0
        }
    }
}