{
    "Confusion Matrix": [
        [
            4520,
            1199
        ],
        [
            53,
            199
        ]
    ],
    "Accuracy": 0.7903198794171831,
    "Precision": 0.14234620886981403,
    "Recall": 0.7896825396825397,
    "F1": 0.2412121212121212,
    "MCC": 0.275395579607374,
    "AUC": 0.8719389836718041,
    "AUPR": 0.3277234304107212,
    "FP Rate": 0.20965203706941773,
    "FN Rate": 0.21031746031746032,
    "Class Report": {
        "0": {
            "precision": 0.9884102339820686,
            "recall": 0.7903479629305823,
            "f1-score": 0.8783521181500195,
            "support": 5719.0
        },
        "1": {
            "precision": 0.14234620886981403,
            "recall": 0.7896825396825397,
            "f1-score": 0.2412121212121212,
            "support": 252.0
        },
        "accuracy": 0.7903198794171831,
        "macro avg": {
            "precision": 0.5653782214259413,
            "recall": 0.790015251306561,
            "f1-score": 0.5597821196810704,
            "support": 5971.0
        },
        "weighted avg": {
            "precision": 0.9527029597686557,
            "recall": 0.7903198794171831,
            "f1-score": 0.8514622706825349,
            "support": 5971.0
        }
    }
}