{
    "Confusion Matrix": [
        [
            4605,
            1115
        ],
        [
            50,
            201
        ]
    ],
    "Accuracy": 0.8048903031318038,
    "Precision": 0.15273556231003038,
    "Recall": 0.8007968127490039,
    "F1": 0.25654116145500955,
    "MCC": 0.29330819800248664,
    "AUC": 0.8872405482963253,
    "AUPR": 0.36960317390209296,
    "FP Rate": 0.19493006993006992,
    "FN Rate": 0.199203187250996,
    "Class Report": {
        "0": {
            "precision": 0.9892588614393125,
            "recall": 0.8050699300699301,
            "f1-score": 0.8877108433734939,
            "support": 5720.0
        },
        "1": {
            "precision": 0.15273556231003038,
            "recall": 0.8007968127490039,
            "f1-score": 0.25654116145500955,
            "support": 251.0
        },
        "accuracy": 0.8048903031318038,
        "macro avg": {
            "precision": 0.5709972118746715,
            "recall": 0.8029333714094671,
            "f1-score": 0.5721260024142517,
            "support": 5971.0
        },
        "weighted avg": {
            "precision": 0.9540943415797497,
            "recall": 0.8048903031318038,
            "f1-score": 0.8611786728557349,
            "support": 5971.0
        }
    }
}