{
    "Confusion Matrix": [
        [
            82,
            6
        ],
        [
            4,
            2
        ]
    ],
    "Accuracy": 0.8936170212765957,
    "Precision": 0.25,
    "Recall": 0.3333333333333333,
    "F1": 0.2857142857142857,
    "MCC": 0.23228269452583078,
    "AUC": 0.7954545454545454,
    "AUPR": 0.3554834054834055,
    "FP Rate": 0.06818181818181818,
    "FN Rate": 0.6666666666666666,
    "Class Report": {
        "0": {
            "precision": 0.9534883720930233,
            "recall": 0.9318181818181818,
            "f1-score": 0.9425287356321839,
            "support": 88.0
        },
        "1": {
            "precision": 0.25,
            "recall": 0.3333333333333333,
            "f1-score": 0.2857142857142857,
            "support": 6.0
        },
        "accuracy": 0.8936170212765957,
        "macro avg": {
            "precision": 0.6017441860465116,
            "recall": 0.6325757575757576,
            "f1-score": 0.6141215106732347,
            "support": 94.0
        },
        "weighted avg": {
            "precision": 0.9085848589807027,
            "recall": 0.8936170212765957,
            "f1-score": 0.9006044090416797,
            "support": 94.0
        }
    }
}