{
    "Confusion Matrix": [
        [
            79,
            9
        ],
        [
            4,
            2
        ]
    ],
    "Accuracy": 0.8617021276595744,
    "Precision": 0.18181818181818182,
    "Recall": 0.3333333333333333,
    "F1": 0.23529411764705882,
    "MCC": 0.17571445128178706,
    "AUC": 0.7178030303030303,
    "AUPR": 0.44129566061614744,
    "FP Rate": 0.10227272727272728,
    "FN Rate": 0.6666666666666666,
    "Class Report": {
        "0": {
            "precision": 0.9518072289156626,
            "recall": 0.8977272727272727,
            "f1-score": 0.9239766081871345,
            "support": 88.0
        },
        "1": {
            "precision": 0.18181818181818182,
            "recall": 0.3333333333333333,
            "f1-score": 0.23529411764705882,
            "support": 6.0
        },
        "accuracy": 0.8617021276595744,
        "macro avg": {
            "precision": 0.5668127053669222,
            "recall": 0.615530303030303,
            "f1-score": 0.5796353629170966,
            "support": 94.0
        },
        "weighted avg": {
            "precision": 0.9026589918668873,
            "recall": 0.8617021276595744,
            "f1-score": 0.8800181513441508,
            "support": 94.0
        }
    }
}