{
    "Confusion Matrix": [
        [
            78,
            10
        ],
        [
            2,
            4
        ]
    ],
    "Accuracy": 0.8723404255319149,
    "Precision": 0.2857142857142857,
    "Recall": 0.6666666666666666,
    "F1": 0.4,
    "MCC": 0.37971423522551856,
    "AUC": 0.9393939393939394,
    "AUPR": 0.6474867724867724,
    "FP Rate": 0.11363636363636363,
    "FN Rate": 0.3333333333333333,
    "Class Report": {
        "0": {
            "precision": 0.975,
            "recall": 0.8863636363636364,
            "f1-score": 0.9285714285714286,
            "support": 88.0
        },
        "1": {
            "precision": 0.2857142857142857,
            "recall": 0.6666666666666666,
            "f1-score": 0.4,
            "support": 6.0
        },
        "accuracy": 0.8723404255319149,
        "macro avg": {
            "precision": 0.6303571428571428,
            "recall": 0.7765151515151515,
            "f1-score": 0.6642857142857144,
            "support": 94.0
        },
        "weighted avg": {
            "precision": 0.9310030395136777,
            "recall": 0.8723404255319149,
            "f1-score": 0.8948328267477205,
            "support": 94.0
        }
    }
}