{
    "Confusion Matrix": [
        [
            62,
            26
        ],
        [
            1,
            5
        ]
    ],
    "Accuracy": 0.7127659574468085,
    "Precision": 0.16129032258064516,
    "Recall": 0.8333333333333334,
    "F1": 0.2702702702702703,
    "MCC": 0.27967281717839076,
    "AUC": 0.7670454545454546,
    "AUPR": 0.393110253597145,
    "FP Rate": 0.29545454545454547,
    "FN Rate": 0.16666666666666666,
    "Class Report": {
        "0": {
            "precision": 0.9841269841269841,
            "recall": 0.7045454545454546,
            "f1-score": 0.8211920529801324,
            "support": 88.0
        },
        "1": {
            "precision": 0.16129032258064516,
            "recall": 0.8333333333333334,
            "f1-score": 0.2702702702702703,
            "support": 6.0
        },
        "accuracy": 0.7127659574468085,
        "macro avg": {
            "precision": 0.5727086533538146,
            "recall": 0.768939393939394,
            "f1-score": 0.5457311616252014,
            "support": 94.0
        },
        "weighted avg": {
            "precision": 0.9316054950921113,
            "recall": 0.7127659574468085,
            "f1-score": 0.7860268328071626,
            "support": 94.0
        }
    }
}