{
    "Confusion Matrix": [
        [
            82,
            7
        ],
        [
            3,
            2
        ]
    ],
    "Accuracy": 0.8936170212765957,
    "Precision": 0.2222222222222222,
    "Recall": 0.4,
    "F1": 0.2857142857142857,
    "MCC": 0.2450898434408523,
    "AUC": 0.7955056179775282,
    "AUPR": 0.2494360902255639,
    "FP Rate": 0.07865168539325842,
    "FN Rate": 0.6,
    "Class Report": {
        "0": {
            "precision": 0.9647058823529412,
            "recall": 0.9213483146067416,
            "f1-score": 0.9425287356321839,
            "support": 89.0
        },
        "1": {
            "precision": 0.2222222222222222,
            "recall": 0.4,
            "f1-score": 0.2857142857142857,
            "support": 5.0
        },
        "accuracy": 0.8936170212765957,
        "macro avg": {
            "precision": 0.5934640522875817,
            "recall": 0.6606741573033708,
            "f1-score": 0.6141215106732347,
            "support": 94.0
        },
        "weighted avg": {
            "precision": 0.9252120706438605,
            "recall": 0.8936170212765957,
            "f1-score": 0.9075917968067637,
            "support": 94.0
        }
    }
}