{
    "Confusion Matrix": [
        [
            76,
            12
        ],
        [
            2,
            4
        ]
    ],
    "Accuracy": 0.851063829787234,
    "Precision": 0.25,
    "Recall": 0.6666666666666666,
    "F1": 0.36363636363636365,
    "MCC": 0.3449322309936315,
    "AUC": 0.8522727272727273,
    "AUPR": 0.41761359208167714,
    "FP Rate": 0.13636363636363635,
    "FN Rate": 0.3333333333333333,
    "Class Report": {
        "0": {
            "precision": 0.9743589743589743,
            "recall": 0.8636363636363636,
            "f1-score": 0.9156626506024096,
            "support": 88.0
        },
        "1": {
            "precision": 0.25,
            "recall": 0.6666666666666666,
            "f1-score": 0.36363636363636365,
            "support": 6.0
        },
        "accuracy": 0.851063829787234,
        "macro avg": {
            "precision": 0.6121794871794872,
            "recall": 0.7651515151515151,
            "f1-score": 0.6396495071193866,
            "support": 94.0
        },
        "weighted avg": {
            "precision": 0.9281232951445717,
            "recall": 0.851063829787234,
            "f1-score": 0.8804269301577684,
            "support": 94.0
        }
    }
}