{
    "Confusion Matrix": [
        [
            71,
            17
        ],
        [
            4,
            2
        ]
    ],
    "Accuracy": 0.776595744680851,
    "Precision": 0.10526315789473684,
    "Recall": 0.3333333333333333,
    "F1": 0.16,
    "MCC": 0.08531145054348253,
    "AUC": 0.6212121212121212,
    "AUPR": 0.11405097328733402,
    "FP Rate": 0.19318181818181818,
    "FN Rate": 0.6666666666666666,
    "Class Report": {
        "0": {
            "precision": 0.9466666666666667,
            "recall": 0.8068181818181818,
            "f1-score": 0.8711656441717791,
            "support": 88.0
        },
        "1": {
            "precision": 0.10526315789473684,
            "recall": 0.3333333333333333,
            "f1-score": 0.16,
            "support": 6.0
        },
        "accuracy": 0.776595744680851,
        "macro avg": {
            "precision": 0.5259649122807017,
            "recall": 0.5700757575757576,
            "f1-score": 0.5155828220858896,
            "support": 94.0
        },
        "weighted avg": {
            "precision": 0.8929600597237777,
            "recall": 0.776595744680851,
            "f1-score": 0.8257720924161335,
            "support": 94.0
        }
    }
}