{
    "Confusion Matrix": [
        [
            67,
            21
        ],
        [
            2,
            4
        ]
    ],
    "Accuracy": 0.7553191489361702,
    "Precision": 0.16,
    "Recall": 0.6666666666666666,
    "F1": 0.25806451612903225,
    "MCC": 0.2368083044039942,
    "AUC": 0.7215909090909091,
    "AUPR": 0.33938492063492065,
    "FP Rate": 0.23863636363636365,
    "FN Rate": 0.3333333333333333,
    "Class Report": {
        "0": {
            "precision": 0.9710144927536232,
            "recall": 0.7613636363636364,
            "f1-score": 0.8535031847133758,
            "support": 88.0
        },
        "1": {
            "precision": 0.16,
            "recall": 0.6666666666666666,
            "f1-score": 0.25806451612903225,
            "support": 6.0
        },
        "accuracy": 0.7553191489361702,
        "macro avg": {
            "precision": 0.5655072463768116,
            "recall": 0.7140151515151515,
            "f1-score": 0.555783850421204,
            "support": 94.0
        },
        "weighted avg": {
            "precision": 0.9192476102374344,
            "recall": 0.7553191489361702,
            "f1-score": 0.8154964611867156,
            "support": 94.0
        }
    }
}