{
    "Confusion Matrix": [
        [
            79,
            9
        ],
        [
            3,
            3
        ]
    ],
    "Accuracy": 0.8723404255319149,
    "Precision": 0.25,
    "Recall": 0.5,
    "F1": 0.3333333333333333,
    "MCC": 0.29134313171776177,
    "AUC": 0.8977272727272727,
    "AUPR": 0.516427203065134,
    "FP Rate": 0.10227272727272728,
    "FN Rate": 0.5,
    "Class Report": {
        "0": {
            "precision": 0.9634146341463414,
            "recall": 0.8977272727272727,
            "f1-score": 0.9294117647058824,
            "support": 88.0
        },
        "1": {
            "precision": 0.25,
            "recall": 0.5,
            "f1-score": 0.3333333333333333,
            "support": 6.0
        },
        "accuracy": 0.8723404255319149,
        "macro avg": {
            "precision": 0.6067073170731707,
            "recall": 0.6988636363636364,
            "f1-score": 0.6313725490196078,
            "support": 94.0
        },
        "weighted avg": {
            "precision": 0.9178775298391282,
            "recall": 0.8723404255319149,
            "f1-score": 0.8913642052565708,
            "support": 94.0
        }
    }
}