{
    "Confusion Matrix": [
        [
            70,
            18
        ],
        [
            2,
            4
        ]
    ],
    "Accuracy": 0.7872340425531915,
    "Precision": 0.18181818181818182,
    "Recall": 0.6666666666666666,
    "F1": 0.2857142857142857,
    "MCC": 0.266805806216418,
    "AUC": 0.6761363636363636,
    "AUPR": 0.4252426372155288,
    "FP Rate": 0.20454545454545456,
    "FN Rate": 0.3333333333333333,
    "Class Report": {
        "0": {
            "precision": 0.9722222222222222,
            "recall": 0.7954545454545454,
            "f1-score": 0.875,
            "support": 88.0
        },
        "1": {
            "precision": 0.18181818181818182,
            "recall": 0.6666666666666666,
            "f1-score": 0.2857142857142857,
            "support": 6.0
        },
        "accuracy": 0.7872340425531915,
        "macro avg": {
            "precision": 0.577020202020202,
            "recall": 0.731060606060606,
            "f1-score": 0.5803571428571428,
            "support": 94.0
        },
        "weighted avg": {
            "precision": 0.9217709004943048,
            "recall": 0.7872340425531915,
            "f1-score": 0.837386018237082,
            "support": 94.0
        }
    }
}