{
    "Confusion Matrix": [
        [
            242,
            68
        ],
        [
            251,
            825
        ]
    ],
    "Accuracy": 0.7698412698412699,
    "Precision": 0.9238521836506159,
    "Recall": 0.766728624535316,
    "F1": 0.8379888268156425,
    "MCC": 0.4764548897310396,
    "AUC": 0.8681256745413118,
    "AUPR": 0.9553374620472153,
    "FP Rate": 0.21935483870967742,
    "FN Rate": 0.23327137546468402,
    "Class Report": {
        "0": {
            "precision": 0.4908722109533469,
            "recall": 0.7806451612903226,
            "f1-score": 0.6027397260273972,
            "support": 310.0
        },
        "1": {
            "precision": 0.9238521836506159,
            "recall": 0.766728624535316,
            "f1-score": 0.8379888268156425,
            "support": 1076.0
        },
        "accuracy": 0.7698412698412699,
        "macro avg": {
            "precision": 0.7073621973019815,
            "recall": 0.7736868929128193,
            "f1-score": 0.7203642764215199,
            "support": 1386.0
        },
        "weighted avg": {
            "precision": 0.8270096212147189,
            "recall": 0.7698412698412699,
            "f1-score": 0.7853717840707969,
            "support": 1386.0
        }
    }
}