{
    "Confusion Matrix": [
        [
            263,
            47
        ],
        [
            267,
            809
        ]
    ],
    "Accuracy": 0.7734487734487735,
    "Precision": 0.9450934579439252,
    "Recall": 0.7518587360594795,
    "F1": 0.8374741200828157,
    "MCC": 0.514684772203243,
    "AUC": 0.8819162969180957,
    "AUPR": 0.9601472210348939,
    "FP Rate": 0.15161290322580645,
    "FN Rate": 0.24814126394052044,
    "Class Report": {
        "0": {
            "precision": 0.4962264150943396,
            "recall": 0.8483870967741935,
            "f1-score": 0.6261904761904762,
            "support": 310.0
        },
        "1": {
            "precision": 0.9450934579439252,
            "recall": 0.7518587360594795,
            "f1-score": 0.8374741200828157,
            "support": 1076.0
        },
        "accuracy": 0.7734487734487735,
        "macro avg": {
            "precision": 0.7206599365191324,
            "recall": 0.8001229164168365,
            "f1-score": 0.731832298136646,
            "support": 1386.0
        },
        "weighted avg": {
            "precision": 0.844697510409025,
            "recall": 0.7734487734487735,
            "f1-score": 0.7902173166148322,
            "support": 1386.0
        }
    }
}