{
    "Confusion Matrix": [
        [
            241,
            68
        ],
        [
            191,
            886
        ]
    ],
    "Accuracy": 0.8131313131313131,
    "Precision": 0.9287211740041929,
    "Recall": 0.8226555246053854,
    "F1": 0.8724766125061546,
    "MCC": 0.5414938483909634,
    "AUC": 0.8697779099920971,
    "AUPR": 0.9553162435089767,
    "FP Rate": 0.22006472491909385,
    "FN Rate": 0.17734447539461468,
    "Class Report": {
        "0": {
            "precision": 0.5578703703703703,
            "recall": 0.7799352750809061,
            "f1-score": 0.650472334682861,
            "support": 309.0
        },
        "1": {
            "precision": 0.9287211740041929,
            "recall": 0.8226555246053854,
            "f1-score": 0.8724766125061546,
            "support": 1077.0
        },
        "accuracy": 0.8131313131313131,
        "macro avg": {
            "precision": 0.7432957721872816,
            "recall": 0.8012953998431458,
            "f1-score": 0.7614744735945078,
            "support": 1386.0
        },
        "weighted avg": {
            "precision": 0.8460423151853969,
            "recall": 0.8131313131313131,
            "f1-score": 0.8229821522987969,
            "support": 1386.0
        }
    }
}