{
    "Confusion Matrix": [
        [
            244,
            65
        ],
        [
            228,
            848
        ]
    ],
    "Accuracy": 0.7884476534296029,
    "Precision": 0.9288061336254108,
    "Recall": 0.7881040892193308,
    "F1": 0.8526897938662644,
    "MCC": 0.5074783449696627,
    "AUC": 0.8748601436460102,
    "AUPR": 0.9573405673383747,
    "FP Rate": 0.21035598705501618,
    "FN Rate": 0.21189591078066913,
    "Class Report": {
        "0": {
            "precision": 0.5169491525423728,
            "recall": 0.7896440129449838,
            "f1-score": 0.6248399487836107,
            "support": 309.0
        },
        "1": {
            "precision": 0.9288061336254108,
            "recall": 0.7881040892193308,
            "f1-score": 0.8526897938662644,
            "support": 1076.0
        },
        "accuracy": 0.7884476534296029,
        "macro avg": {
            "precision": 0.7228776430838918,
            "recall": 0.7888740510821572,
            "f1-score": 0.7387648713249375,
            "support": 1385.0
        },
        "weighted avg": {
            "precision": 0.8369189082429856,
            "recall": 0.7884476534296029,
            "f1-score": 0.8018554240969215,
            "support": 1385.0
        }
    }
}