{
    "Confusion Matrix": [
        [
            256,
            53
        ],
        [
            255,
            822
        ]
    ],
    "Accuracy": 0.7777777777777778,
    "Precision": 0.9394285714285714,
    "Recall": 0.7632311977715878,
    "F1": 0.8422131147540983,
    "MCC": 0.5104834218902898,
    "AUC": 0.8824855090101054,
    "AUPR": 0.9602601054238126,
    "FP Rate": 0.1715210355987055,
    "FN Rate": 0.23676880222841226,
    "Class Report": {
        "0": {
            "precision": 0.5009784735812133,
            "recall": 0.8284789644012945,
            "f1-score": 0.624390243902439,
            "support": 309.0
        },
        "1": {
            "precision": 0.9394285714285714,
            "recall": 0.7632311977715878,
            "f1-score": 0.8422131147540983,
            "support": 1077.0
        },
        "accuracy": 0.7777777777777778,
        "macro avg": {
            "precision": 0.7202035225048924,
            "recall": 0.7958550810864411,
            "f1-score": 0.7333016793282687,
            "support": 1386.0
        },
        "weighted avg": {
            "precision": 0.8416788742894417,
            "recall": 0.7777777777777778,
            "f1-score": 0.7936508729841396,
            "support": 1386.0
        }
    }
}