{
    "Confusion Matrix": [
        [
            260,
            50
        ],
        [
            285,
            791
        ]
    ],
    "Accuracy": 0.7582972582972582,
    "Precision": 0.9405469678953626,
    "Recall": 0.7351301115241635,
    "F1": 0.8252477829942618,
    "MCC": 0.4895323442098782,
    "AUC": 0.8743854179158173,
    "AUPR": 0.9586688864209131,
    "FP Rate": 0.16129032258064516,
    "FN Rate": 0.2648698884758364,
    "Class Report": {
        "0": {
            "precision": 0.47706422018348627,
            "recall": 0.8387096774193549,
            "f1-score": 0.6081871345029239,
            "support": 310.0
        },
        "1": {
            "precision": 0.9405469678953626,
            "recall": 0.7351301115241635,
            "f1-score": 0.8252477829942618,
            "support": 1076.0
        },
        "accuracy": 0.7582972582972582,
        "macro avg": {
            "precision": 0.7088055940394244,
            "recall": 0.7869198944717593,
            "f1-score": 0.7167174587485929,
            "support": 1386.0
        },
        "weighted avg": {
            "precision": 0.8368819954634135,
            "recall": 0.7582972582972582,
            "f1-score": 0.7766988645005282,
            "support": 1386.0
        }
    }
}