{
    "Confusion Matrix": [
        [
            232,
            77
        ],
        [
            221,
            856
        ]
    ],
    "Accuracy": 0.784992784992785,
    "Precision": 0.917470525187567,
    "Recall": 0.7948003714020427,
    "F1": 0.8517412935323383,
    "MCC": 0.48414899936306266,
    "AUC": 0.8638853581655863,
    "AUPR": 0.9545736300255244,
    "FP Rate": 0.24919093851132687,
    "FN Rate": 0.2051996285979573,
    "Class Report": {
        "0": {
            "precision": 0.5121412803532008,
            "recall": 0.7508090614886731,
            "f1-score": 0.6089238845144357,
            "support": 309.0
        },
        "1": {
            "precision": 0.917470525187567,
            "recall": 0.7948003714020427,
            "f1-score": 0.8517412935323383,
            "support": 1077.0
        },
        "accuracy": 0.784992784992785,
        "macro avg": {
            "precision": 0.7148059027703839,
            "recall": 0.772804716445358,
            "f1-score": 0.7303325890233869,
            "support": 1386.0
        },
        "weighted avg": {
            "precision": 0.8271049143262256,
            "recall": 0.784992784992785,
            "f1-score": 0.7976066763703383,
            "support": 1386.0
        }
    }
}