{
    "Confusion Matrix": [
        [
            253,
            56
        ],
        [
            265,
            811
        ]
    ],
    "Accuracy": 0.768231046931408,
    "Precision": 0.9354094579008074,
    "Recall": 0.7537174721189591,
    "F1": 0.8347915594441585,
    "MCC": 0.49258037606272964,
    "AUC": 0.873266081976877,
    "AUPR": 0.9571438919036184,
    "FP Rate": 0.18122977346278318,
    "FN Rate": 0.24628252788104088,
    "Class Report": {
        "0": {
            "precision": 0.48841698841698844,
            "recall": 0.8187702265372169,
            "f1-score": 0.6118500604594922,
            "support": 309.0
        },
        "1": {
            "precision": 0.9354094579008074,
            "recall": 0.7537174721189591,
            "f1-score": 0.8347915594441585,
            "support": 1076.0
        },
        "accuracy": 0.768231046931408,
        "macro avg": {
            "precision": 0.7119132231588979,
            "recall": 0.786243849328088,
            "f1-score": 0.7233208099518253,
            "support": 1385.0
        },
        "weighted avg": {
            "precision": 0.8356833401603742,
            "recall": 0.768231046931408,
            "f1-score": 0.7850522647248358,
            "support": 1385.0
        }
    }
}