{
    "Confusion Matrix": [
        [
            244,
            66
        ],
        [
            220,
            856
        ]
    ],
    "Accuracy": 0.7936507936507936,
    "Precision": 0.928416485900217,
    "Recall": 0.7955390334572491,
    "F1": 0.8568568568568569,
    "MCC": 0.5144695838556776,
    "AUC": 0.8686922892433147,
    "AUPR": 0.952906266735611,
    "FP Rate": 0.2129032258064516,
    "FN Rate": 0.20446096654275092,
    "Class Report": {
        "0": {
            "precision": 0.5258620689655172,
            "recall": 0.7870967741935484,
            "f1-score": 0.6304909560723514,
            "support": 310.0
        },
        "1": {
            "precision": 0.928416485900217,
            "recall": 0.7955390334572491,
            "f1-score": 0.8568568568568569,
            "support": 1076.0
        },
        "accuracy": 0.7936507936507936,
        "macro avg": {
            "precision": 0.7271392774328671,
            "recall": 0.7913179038253988,
            "f1-score": 0.7436739064646041,
            "support": 1386.0
        },
        "weighted avg": {
            "precision": 0.8383790621990936,
            "recall": 0.7936507936507936,
            "f1-score": 0.8062266770277106,
            "support": 1386.0
        }
    }
}