{
    "Confusion Matrix": [
        [
            248,
            62
        ],
        [
            252,
            824
        ]
    ],
    "Accuracy": 0.7734487734487735,
    "Precision": 0.9300225733634312,
    "Recall": 0.7657992565055762,
    "F1": 0.8399592252803262,
    "MCC": 0.49096156190034024,
    "AUC": 0.8679847703561577,
    "AUPR": 0.9537201830246533,
    "FP Rate": 0.2,
    "FN Rate": 0.2342007434944238,
    "Class Report": {
        "0": {
            "precision": 0.496,
            "recall": 0.8,
            "f1-score": 0.6123456790123457,
            "support": 310.0
        },
        "1": {
            "precision": 0.9300225733634312,
            "recall": 0.7657992565055762,
            "f1-score": 0.8399592252803262,
            "support": 1076.0
        },
        "accuracy": 0.7734487734487735,
        "macro avg": {
            "precision": 0.7130112866817155,
            "recall": 0.7828996282527881,
            "f1-score": 0.726152452146336,
            "support": 1386.0
        },
        "weighted avg": {
            "precision": 0.8329468174163435,
            "recall": 0.7734487734487735,
            "f1-score": 0.7890499905450636,
            "support": 1386.0
        }
    }
}