{
    "Confusion Matrix": [
        [
            867,
            221
        ],
        [
            41,
            266
        ]
    ],
    "Accuracy": 0.8121863799283154,
    "Precision": 0.5462012320328542,
    "Recall": 0.8664495114006515,
    "F1": 0.6700251889168766,
    "MCC": 0.5765039355001808,
    "AUC": 0.9135340821996552,
    "AUPR": 0.8348598846446033,
    "FP Rate": 0.203125,
    "FN Rate": 0.13355048859934854,
    "Class Report": {
        "0": {
            "precision": 0.9548458149779736,
            "recall": 0.796875,
            "f1-score": 0.8687374749498998,
            "support": 1088.0
        },
        "1": {
            "precision": 0.5462012320328542,
            "recall": 0.8664495114006515,
            "f1-score": 0.6700251889168766,
            "support": 307.0
        },
        "accuracy": 0.8121863799283154,
        "macro avg": {
            "precision": 0.750523523505414,
            "recall": 0.8316622557003257,
            "f1-score": 0.7693813319333882,
            "support": 1395.0
        },
        "weighted avg": {
            "precision": 0.8649147132115567,
            "recall": 0.8121863799283154,
            "f1-score": 0.8250065274143168,
            "support": 1395.0
        }
    }
}