{
    "Confusion Matrix": [
        [
            880,
            209
        ],
        [
            48,
            258
        ]
    ],
    "Accuracy": 0.8157706093189964,
    "Precision": 0.5524625267665952,
    "Recall": 0.8431372549019608,
    "F1": 0.6675291073738681,
    "MCC": 0.5710428036834073,
    "AUC": 0.912466915140712,
    "AUPR": 0.8202003077513897,
    "FP Rate": 0.1919191919191919,
    "FN Rate": 0.1568627450980392,
    "Class Report": {
        "0": {
            "precision": 0.9482758620689655,
            "recall": 0.8080808080808081,
            "f1-score": 0.872583044124938,
            "support": 1089.0
        },
        "1": {
            "precision": 0.5524625267665952,
            "recall": 0.8431372549019608,
            "f1-score": 0.6675291073738681,
            "support": 306.0
        },
        "accuracy": 0.8157706093189964,
        "macro avg": {
            "precision": 0.7503691944177804,
            "recall": 0.8256090314913844,
            "f1-score": 0.770056075749403,
            "support": 1395.0
        },
        "weighted avg": {
            "precision": 0.8614522917445747,
            "recall": 0.8157706093189964,
            "f1-score": 0.8276034709021227,
            "support": 1395.0
        }
    }
}