{
    "Confusion Matrix": [
        [
            873,
            215
        ],
        [
            42,
            265
        ]
    ],
    "Accuracy": 0.8157706093189964,
    "Precision": 0.5520833333333334,
    "Recall": 0.8631921824104235,
    "F1": 0.6734434561626429,
    "MCC": 0.5804354983152583,
    "AUC": 0.9187074870664877,
    "AUPR": 0.8362277836466157,
    "FP Rate": 0.19761029411764705,
    "FN Rate": 0.13680781758957655,
    "Class Report": {
        "0": {
            "precision": 0.9540983606557377,
            "recall": 0.8023897058823529,
            "f1-score": 0.8716924613080379,
            "support": 1088.0
        },
        "1": {
            "precision": 0.5520833333333334,
            "recall": 0.8631921824104235,
            "f1-score": 0.6734434561626429,
            "support": 307.0
        },
        "accuracy": 0.8157706093189964,
        "macro avg": {
            "precision": 0.7530908469945355,
            "recall": 0.8327909441463882,
            "f1-score": 0.7725679587353405,
            "support": 1395.0
        },
        "weighted avg": {
            "precision": 0.8656262363632802,
            "recall": 0.8157706093189964,
            "f1-score": 0.8280634687778327,
            "support": 1395.0
        }
    }
}