{
    "Confusion Matrix": [
        [
            874,
            215
        ],
        [
            57,
            249
        ]
    ],
    "Accuracy": 0.8050179211469534,
    "Precision": 0.5366379310344828,
    "Recall": 0.8137254901960784,
    "F1": 0.6467532467532467,
    "MCC": 0.5412907852944299,
    "AUC": 0.8917427393363222,
    "AUPR": 0.7996544792503435,
    "FP Rate": 0.19742883379247014,
    "FN Rate": 0.18627450980392157,
    "Class Report": {
        "0": {
            "precision": 0.9387755102040817,
            "recall": 0.8025711662075299,
            "f1-score": 0.8653465346534653,
            "support": 1089.0
        },
        "1": {
            "precision": 0.5366379310344828,
            "recall": 0.8137254901960784,
            "f1-score": 0.6467532467532467,
            "support": 306.0
        },
        "accuracy": 0.8050179211469534,
        "macro avg": {
            "precision": 0.7377067206192822,
            "recall": 0.8081483282018042,
            "f1-score": 0.756049890703356,
            "support": 1395.0
        },
        "weighted avg": {
            "precision": 0.8505646863862342,
            "recall": 0.8050179211469534,
            "f1-score": 0.8173970392430947,
            "support": 1395.0
        }
    }
}