{
    "Confusion Matrix": [
        [
            905,
            184
        ],
        [
            48,
            259
        ]
    ],
    "Accuracy": 0.833810888252149,
    "Precision": 0.5846501128668171,
    "Recall": 0.8436482084690554,
    "F1": 0.6906666666666667,
    "MCC": 0.6003941072087635,
    "AUC": 0.9151329702114422,
    "AUPR": 0.8314360077523418,
    "FP Rate": 0.1689623507805326,
    "FN Rate": 0.1563517915309446,
    "Class Report": {
        "0": {
            "precision": 0.9496327387198321,
            "recall": 0.8310376492194674,
            "f1-score": 0.8863858961802155,
            "support": 1089.0
        },
        "1": {
            "precision": 0.5846501128668171,
            "recall": 0.8436482084690554,
            "f1-score": 0.6906666666666667,
            "support": 307.0
        },
        "accuracy": 0.833810888252149,
        "macro avg": {
            "precision": 0.7671414257933247,
            "recall": 0.8373429288442614,
            "f1-score": 0.7885262814234411,
            "support": 1396.0
        },
        "weighted avg": {
            "precision": 0.8693679348968554,
            "recall": 0.833810888252149,
            "f1-score": 0.8433444896897717,
            "support": 1396.0
        }
    }
}