{
    "Confusion Matrix": [
        [
            883,
            206
        ],
        [
            58,
            248
        ]
    ],
    "Accuracy": 0.810752688172043,
    "Precision": 0.5462555066079295,
    "Recall": 0.8104575163398693,
    "F1": 0.6526315789473685,
    "MCC": 0.5487170779118536,
    "AUC": 0.9082506586962916,
    "AUPR": 0.8050396968026786,
    "FP Rate": 0.1891643709825528,
    "FN Rate": 0.1895424836601307,
    "Class Report": {
        "0": {
            "precision": 0.9383634431455898,
            "recall": 0.8108356290174472,
            "f1-score": 0.8699507389162562,
            "support": 1089.0
        },
        "1": {
            "precision": 0.5462555066079295,
            "recall": 0.8104575163398693,
            "f1-score": 0.6526315789473685,
            "support": 306.0
        },
        "accuracy": 0.810752688172043,
        "macro avg": {
            "precision": 0.7423094748767597,
            "recall": 0.8106465726786583,
            "f1-score": 0.7612911589318123,
            "support": 1395.0
        },
        "weighted avg": {
            "precision": 0.852352669969587,
            "recall": 0.810752688172043,
            "f1-score": 0.8222807296327582,
            "support": 1395.0
        }
    }
}