{
    "Confusion Matrix": [
        [
            888,
            201
        ],
        [
            55,
            251
        ]
    ],
    "Accuracy": 0.8164874551971326,
    "Precision": 0.5553097345132744,
    "Recall": 0.8202614379084967,
    "F1": 0.662269129287599,
    "MCC": 0.5620745220890385,
    "AUC": 0.9038033333933513,
    "AUPR": 0.8145284481425344,
    "FP Rate": 0.18457300275482094,
    "FN Rate": 0.17973856209150327,
    "Class Report": {
        "0": {
            "precision": 0.9416755037115588,
            "recall": 0.8154269972451791,
            "f1-score": 0.8740157480314961,
            "support": 1089.0
        },
        "1": {
            "precision": 0.5553097345132744,
            "recall": 0.8202614379084967,
            "f1-score": 0.662269129287599,
            "support": 306.0
        },
        "accuracy": 0.8164874551971326,
        "macro avg": {
            "precision": 0.7484926191124166,
            "recall": 0.8178442175768379,
            "f1-score": 0.7681424386595475,
            "support": 1395.0
        },
        "weighted avg": {
            "precision": 0.8569243027261289,
            "recall": 0.8164874551971326,
            "f1-score": 0.827568102629609,
            "support": 1395.0
        }
    }
}