{
    "Confusion Matrix": [
        [
            849,
            240
        ],
        [
            48,
            258
        ]
    ],
    "Accuracy": 0.7935483870967742,
    "Precision": 0.5180722891566265,
    "Recall": 0.8431372549019608,
    "F1": 0.6417910447761194,
    "MCC": 0.5378715807223332,
    "AUC": 0.9026389864179526,
    "AUPR": 0.8041637546849406,
    "FP Rate": 0.22038567493112948,
    "FN Rate": 0.1568627450980392,
    "Class Report": {
        "0": {
            "precision": 0.9464882943143813,
            "recall": 0.7796143250688705,
            "f1-score": 0.8549848942598187,
            "support": 1089.0
        },
        "1": {
            "precision": 0.5180722891566265,
            "recall": 0.8431372549019608,
            "f1-score": 0.6417910447761194,
            "support": 306.0
        },
        "accuracy": 0.7935483870967742,
        "macro avg": {
            "precision": 0.7322802917355039,
            "recall": 0.8113757899854157,
            "f1-score": 0.748387969517969,
            "support": 1395.0
        },
        "weighted avg": {
            "precision": 0.8525131706023577,
            "recall": 0.7935483870967742,
            "f1-score": 0.8082197917924266,
            "support": 1395.0
        }
    }
}