{
    "Confusion Matrix": [
        [
            823,
            266
        ],
        [
            48,
            258
        ]
    ],
    "Accuracy": 0.774910394265233,
    "Precision": 0.49236641221374045,
    "Recall": 0.8431372549019608,
    "F1": 0.6216867469879518,
    "MCC": 0.511725640808858,
    "AUC": 0.9006643979906013,
    "AUPR": 0.8115504003755808,
    "FP Rate": 0.24426078971533516,
    "FN Rate": 0.1568627450980392,
    "Class Report": {
        "0": {
            "precision": 0.9448909299655568,
            "recall": 0.7557392102846648,
            "f1-score": 0.8397959183673469,
            "support": 1089.0
        },
        "1": {
            "precision": 0.49236641221374045,
            "recall": 0.8431372549019608,
            "f1-score": 0.6216867469879518,
            "support": 306.0
        },
        "accuracy": 0.774910394265233,
        "macro avg": {
            "precision": 0.7186286710896486,
            "recall": 0.7994382325933128,
            "f1-score": 0.7307413326776493,
            "support": 1395.0
        },
        "weighted avg": {
            "precision": 0.8456274873619325,
            "recall": 0.774910394265233,
            "f1-score": 0.7919526162583184,
            "support": 1395.0
        }
    }
}