{
    "Confusion Matrix": [
        [
            886,
            203
        ],
        [
            43,
            263
        ]
    ],
    "Accuracy": 0.8236559139784946,
    "Precision": 0.5643776824034334,
    "Recall": 0.8594771241830066,
    "F1": 0.6813471502590673,
    "MCC": 0.5905171379024947,
    "AUC": 0.9246625494397331,
    "AUPR": 0.8436081668193218,
    "FP Rate": 0.18640955004591367,
    "FN Rate": 0.14052287581699346,
    "Class Report": {
        "0": {
            "precision": 0.9537136706135629,
            "recall": 0.8135904499540864,
            "f1-score": 0.8780971258671952,
            "support": 1089.0
        },
        "1": {
            "precision": 0.5643776824034334,
            "recall": 0.8594771241830066,
            "f1-score": 0.6813471502590673,
            "support": 306.0
        },
        "accuracy": 0.8236559139784946,
        "macro avg": {
            "precision": 0.7590456765084982,
            "recall": 0.8365337870685465,
            "f1-score": 0.7797221380631313,
            "support": 1395.0
        },
        "weighted avg": {
            "precision": 0.8683109377158571,
            "recall": 0.8236559139784946,
            "f1-score": 0.8349390667015414,
            "support": 1395.0
        }
    }
}