{
    "Confusion Matrix": [
        [
            3,
            0
        ],
        [
            5,
            7
        ]
    ],
    "Accuracy": 0.6666666666666666,
    "Precision": 1.0,
    "Recall": 0.5833333333333334,
    "F1": 0.7368421052631579,
    "MCC": 0.46770717334674267,
    "AUC": 0.7222222222222222,
    "AUPR": 0.9322131572131575,
    "FP Rate": 0.0,
    "FN Rate": 0.4166666666666667,
    "Class Report": {
        "0": {
            "precision": 0.375,
            "recall": 1.0,
            "f1-score": 0.5454545454545454,
            "support": 3.0
        },
        "1": {
            "precision": 1.0,
            "recall": 0.5833333333333334,
            "f1-score": 0.7368421052631579,
            "support": 12.0
        },
        "accuracy": 0.6666666666666666,
        "macro avg": {
            "precision": 0.6875,
            "recall": 0.7916666666666667,
            "f1-score": 0.6411483253588517,
            "support": 15.0
        },
        "weighted avg": {
            "precision": 0.875,
            "recall": 0.6666666666666666,
            "f1-score": 0.6985645933014354,
            "support": 15.0
        }
    }
}