{
    "Confusion Matrix": [
        [
            2,
            0
        ],
        [
            11,
            2
        ]
    ],
    "Accuracy": 0.26666666666666666,
    "Precision": 1.0,
    "Recall": 0.15384615384615385,
    "F1": 0.26666666666666666,
    "MCC": 0.15384615384615385,
    "AUC": 0.6153846153846154,
    "AUPR": 0.9340725513802435,
    "FP Rate": 0.0,
    "FN Rate": 0.8461538461538461,
    "Class Report": {
        "0": {
            "precision": 0.15384615384615385,
            "recall": 1.0,
            "f1-score": 0.26666666666666666,
            "support": 2.0
        },
        "1": {
            "precision": 1.0,
            "recall": 0.15384615384615385,
            "f1-score": 0.26666666666666666,
            "support": 13.0
        },
        "accuracy": 0.26666666666666666,
        "macro avg": {
            "precision": 0.5769230769230769,
            "recall": 0.5769230769230769,
            "f1-score": 0.26666666666666666,
            "support": 15.0
        },
        "weighted avg": {
            "precision": 0.8871794871794872,
            "recall": 0.26666666666666666,
            "f1-score": 0.26666666666666666,
            "support": 15.0
        }
    }
}