{
    "Confusion Matrix": [
        [
            3,
            0
        ],
        [
            11,
            1
        ]
    ],
    "Accuracy": 0.26666666666666666,
    "Precision": 1.0,
    "Recall": 0.08333333333333333,
    "F1": 0.15384615384615385,
    "MCC": 0.1336306209562122,
    "AUC": 1.0,
    "AUPR": 1.0,
    "FP Rate": 0.0,
    "FN Rate": 0.9166666666666666,
    "Class Report": {
        "0": {
            "precision": 0.21428571428571427,
            "recall": 1.0,
            "f1-score": 0.35294117647058826,
            "support": 3.0
        },
        "1": {
            "precision": 1.0,
            "recall": 0.08333333333333333,
            "f1-score": 0.15384615384615385,
            "support": 12.0
        },
        "accuracy": 0.26666666666666666,
        "macro avg": {
            "precision": 0.6071428571428571,
            "recall": 0.5416666666666666,
            "f1-score": 0.25339366515837103,
            "support": 15.0
        },
        "weighted avg": {
            "precision": 0.8428571428571429,
            "recall": 0.26666666666666666,
            "f1-score": 0.19366515837104076,
            "support": 15.0
        }
    }
}