{
    "Confusion Matrix": [
        [
            2,
            0
        ],
        [
            12,
            0
        ]
    ],
    "Accuracy": 0.14285714285714285,
    "Precision": 0.0,
    "Recall": 0.0,
    "F1": 0.0,
    "MCC": 0.0,
    "AUC": 0.375,
    "AUPR": 0.8006384818884819,
    "FP Rate": 0.0,
    "FN Rate": 1.0,
    "Class Report": {
        "0": {
            "precision": 0.14285714285714285,
            "recall": 1.0,
            "f1-score": 0.25,
            "support": 2.0
        },
        "1": {
            "precision": 0.0,
            "recall": 0.0,
            "f1-score": 0.0,
            "support": 12.0
        },
        "accuracy": 0.14285714285714285,
        "macro avg": {
            "precision": 0.07142857142857142,
            "recall": 0.5,
            "f1-score": 0.125,
            "support": 14.0
        },
        "weighted avg": {
            "precision": 0.02040816326530612,
            "recall": 0.14285714285714285,
            "f1-score": 0.03571428571428571,
            "support": 14.0
        }
    }
}