{
    "Confusion Matrix": [
        [
            0,
            2
        ],
        [
            2,
            10
        ]
    ],
    "Accuracy": 0.7142857142857143,
    "Precision": 0.8333333333333334,
    "Recall": 0.8333333333333334,
    "F1": 0.8333333333333334,
    "MCC": -0.16666666666666666,
    "AUC": 0.8333333333333334,
    "AUPR": 0.9752747252747255,
    "FP Rate": 1.0,
    "FN Rate": 0.16666666666666666,
    "Class Report": {
        "0": {
            "precision": 0.0,
            "recall": 0.0,
            "f1-score": 0.0,
            "support": 2.0
        },
        "1": {
            "precision": 0.8333333333333334,
            "recall": 0.8333333333333334,
            "f1-score": 0.8333333333333334,
            "support": 12.0
        },
        "accuracy": 0.7142857142857143,
        "macro avg": {
            "precision": 0.4166666666666667,
            "recall": 0.4166666666666667,
            "f1-score": 0.4166666666666667,
            "support": 14.0
        },
        "weighted avg": {
            "precision": 0.7142857142857143,
            "recall": 0.7142857142857143,
            "f1-score": 0.7142857142857143,
            "support": 14.0
        }
    }
}