{
    "Confusion Matrix": [
        [
            3,
            0
        ],
        [
            12,
            0
        ]
    ],
    "Accuracy": 0.2,
    "Precision": 0.0,
    "Recall": 0.0,
    "F1": 0.0,
    "MCC": 0.0,
    "AUC": 1.0,
    "AUPR": 1.0,
    "FP Rate": 0.0,
    "FN Rate": 1.0,
    "Class Report": {
        "0": {
            "precision": 0.2,
            "recall": 1.0,
            "f1-score": 0.3333333333333333,
            "support": 3.0
        },
        "1": {
            "precision": 0.0,
            "recall": 0.0,
            "f1-score": 0.0,
            "support": 12.0
        },
        "accuracy": 0.2,
        "macro avg": {
            "precision": 0.1,
            "recall": 0.5,
            "f1-score": 0.16666666666666666,
            "support": 15.0
        },
        "weighted avg": {
            "precision": 0.04000000000000001,
            "recall": 0.2,
            "f1-score": 0.06666666666666667,
            "support": 15.0
        }
    }
}