{
    "Confusion Matrix": [
        [
            1,
            1
        ],
        [
            2,
            10
        ]
    ],
    "Accuracy": 0.7857142857142857,
    "Precision": 0.9090909090909091,
    "Recall": 0.8333333333333334,
    "F1": 0.8695652173913043,
    "MCC": 0.2842676218074806,
    "AUC": 0.5,
    "AUPR": 0.818322187072187,
    "FP Rate": 0.5,
    "FN Rate": 0.16666666666666666,
    "Class Report": {
        "0": {
            "precision": 0.3333333333333333,
            "recall": 0.5,
            "f1-score": 0.4,
            "support": 2.0
        },
        "1": {
            "precision": 0.9090909090909091,
            "recall": 0.8333333333333334,
            "f1-score": 0.8695652173913043,
            "support": 12.0
        },
        "accuracy": 0.7857142857142857,
        "macro avg": {
            "precision": 0.6212121212121212,
            "recall": 0.6666666666666667,
            "f1-score": 0.6347826086956522,
            "support": 14.0
        },
        "weighted avg": {
            "precision": 0.8268398268398267,
            "recall": 0.7857142857142857,
            "f1-score": 0.8024844720496895,
            "support": 14.0
        }
    }
}