{
    "Confusion Matrix": [
        [
            2,
            0
        ],
        [
            5,
            7
        ]
    ],
    "Accuracy": 0.6428571428571429,
    "Precision": 1.0,
    "Recall": 0.5833333333333334,
    "F1": 0.7368421052631579,
    "MCC": 0.40824829046386296,
    "AUC": 0.9166666666666666,
    "AUPR": 0.9880952380952382,
    "FP Rate": 0.0,
    "FN Rate": 0.4166666666666667,
    "Class Report": {
        "0": {
            "precision": 0.2857142857142857,
            "recall": 1.0,
            "f1-score": 0.4444444444444444,
            "support": 2.0
        },
        "1": {
            "precision": 1.0,
            "recall": 0.5833333333333334,
            "f1-score": 0.7368421052631579,
            "support": 12.0
        },
        "accuracy": 0.6428571428571429,
        "macro avg": {
            "precision": 0.6428571428571428,
            "recall": 0.7916666666666667,
            "f1-score": 0.5906432748538011,
            "support": 14.0
        },
        "weighted avg": {
            "precision": 0.8979591836734694,
            "recall": 0.6428571428571429,
            "f1-score": 0.6950710108604845,
            "support": 14.0
        }
    }
}