{
    "Confusion Matrix": [
        [
            2,
            0
        ],
        [
            1,
            12
        ]
    ],
    "Accuracy": 0.9333333333333333,
    "Precision": 1.0,
    "Recall": 0.9230769230769231,
    "F1": 0.96,
    "MCC": 0.7844645405527361,
    "AUC": 0.9615384615384616,
    "AUPR": 0.9945054945054943,
    "FP Rate": 0.0,
    "FN Rate": 0.07692307692307693,
    "Class Report": {
        "0": {
            "precision": 0.6666666666666666,
            "recall": 1.0,
            "f1-score": 0.8,
            "support": 2.0
        },
        "1": {
            "precision": 1.0,
            "recall": 0.9230769230769231,
            "f1-score": 0.96,
            "support": 13.0
        },
        "accuracy": 0.9333333333333333,
        "macro avg": {
            "precision": 0.8333333333333333,
            "recall": 0.9615384615384616,
            "f1-score": 0.88,
            "support": 15.0
        },
        "weighted avg": {
            "precision": 0.9555555555555556,
            "recall": 0.9333333333333333,
            "f1-score": 0.9386666666666666,
            "support": 15.0
        }
    }
}