{
    "Confusion Matrix": [
        [
            0,
            2
        ],
        [
            1,
            11
        ]
    ],
    "Accuracy": 0.7857142857142857,
    "Precision": 0.8461538461538461,
    "Recall": 0.9166666666666666,
    "F1": 0.88,
    "MCC": -0.11322770341445956,
    "AUC": 0.875,
    "AUPR": 0.9811507936507938,
    "FP Rate": 1.0,
    "FN Rate": 0.08333333333333333,
    "Class Report": {
        "0": {
            "precision": 0.0,
            "recall": 0.0,
            "f1-score": 0.0,
            "support": 2.0
        },
        "1": {
            "precision": 0.8461538461538461,
            "recall": 0.9166666666666666,
            "f1-score": 0.88,
            "support": 12.0
        },
        "accuracy": 0.7857142857142857,
        "macro avg": {
            "precision": 0.4230769230769231,
            "recall": 0.4583333333333333,
            "f1-score": 0.44,
            "support": 14.0
        },
        "weighted avg": {
            "precision": 0.7252747252747253,
            "recall": 0.7857142857142857,
            "f1-score": 0.7542857142857143,
            "support": 14.0
        }
    }
}