{
    "Confusion Matrix": [
        [
            1205,
            283
        ],
        [
            16,
            89
        ]
    ],
    "Accuracy": 0.8123038292529818,
    "Precision": 0.239247311827957,
    "Recall": 0.8476190476190476,
    "F1": 0.3731656184486373,
    "MCC": 0.3855821402577351,
    "AUC": 0.9046274961597542,
    "AUPR": 0.600964488448194,
    "FP Rate": 0.19018817204301075,
    "FN Rate": 0.1523809523809524,
    "Class Report": {
        "0": {
            "precision": 0.9868959868959869,
            "recall": 0.8098118279569892,
            "f1-score": 0.8896271686969361,
            "support": 1488.0
        },
        "1": {
            "precision": 0.239247311827957,
            "recall": 0.8476190476190476,
            "f1-score": 0.3731656184486373,
            "support": 105.0
        },
        "accuracy": 0.8123038292529818,
        "macro avg": {
            "precision": 0.6130716493619719,
            "recall": 0.8287154377880184,
            "f1-score": 0.6313963935727868,
            "support": 1593.0
        },
        "weighted avg": {
            "precision": 0.9376159423999774,
            "recall": 0.8123038292529818,
            "f1-score": 0.8555854469291576,
            "support": 1593.0
        }
    }
}