{
    "Confusion Matrix": [
        [
            1248,
            240
        ],
        [
            14,
            91
        ]
    ],
    "Accuracy": 0.8405524168236033,
    "Precision": 0.27492447129909364,
    "Recall": 0.8666666666666667,
    "F1": 0.41743119266055045,
    "MCC": 0.43139323628774345,
    "AUC": 0.9321236559139785,
    "AUPR": 0.6547075048230313,
    "FP Rate": 0.16129032258064516,
    "FN Rate": 0.13333333333333333,
    "Class Report": {
        "0": {
            "precision": 0.9889064976228209,
            "recall": 0.8387096774193549,
            "f1-score": 0.9076363636363637,
            "support": 1488.0
        },
        "1": {
            "precision": 0.27492447129909364,
            "recall": 0.8666666666666667,
            "f1-score": 0.41743119266055045,
            "support": 105.0
        },
        "accuracy": 0.8405524168236033,
        "macro avg": {
            "precision": 0.6319154844609572,
            "recall": 0.8526881720430108,
            "f1-score": 0.662533778148457,
            "support": 1593.0
        },
        "weighted avg": {
            "precision": 0.941845535435758,
            "recall": 0.8405524168236033,
            "f1-score": 0.8753252883366397,
            "support": 1593.0
        }
    }
}