{
    "Confusion Matrix": [
        [
            1191,
            296
        ],
        [
            15,
            90
        ]
    ],
    "Accuracy": 0.8046482412060302,
    "Precision": 0.23316062176165803,
    "Recall": 0.8571428571428571,
    "F1": 0.3665987780040733,
    "MCC": 0.3811223261687743,
    "AUC": 0.9150158516668268,
    "AUPR": 0.6581951722303399,
    "FP Rate": 0.19905850706119704,
    "FN Rate": 0.14285714285714285,
    "Class Report": {
        "0": {
            "precision": 0.9875621890547264,
            "recall": 0.800941492938803,
            "f1-score": 0.8845154103230598,
            "support": 1487.0
        },
        "1": {
            "precision": 0.23316062176165803,
            "recall": 0.8571428571428571,
            "f1-score": 0.3665987780040733,
            "support": 105.0
        },
        "accuracy": 0.8046482412060302,
        "macro avg": {
            "precision": 0.6103614054081922,
            "recall": 0.8290421750408301,
            "f1-score": 0.6255570941635665,
            "support": 1592.0
        },
        "weighted avg": {
            "precision": 0.9378058042772311,
            "recall": 0.8046482412060302,
            "f1-score": 0.8503563359552874,
            "support": 1592.0
        }
    }
}