{
    "Confusion Matrix": [
        [
            1215,
            273
        ],
        [
            20,
            84
        ]
    ],
    "Accuracy": 0.8159547738693468,
    "Precision": 0.23529411764705882,
    "Recall": 0.8076923076923077,
    "F1": 0.3644251626898048,
    "MCC": 0.36982086009723325,
    "AUC": 0.8898431038047974,
    "AUPR": 0.6378260733638014,
    "FP Rate": 0.18346774193548387,
    "FN Rate": 0.19230769230769232,
    "Class Report": {
        "0": {
            "precision": 0.9838056680161943,
            "recall": 0.8165322580645161,
            "f1-score": 0.892398090341535,
            "support": 1488.0
        },
        "1": {
            "precision": 0.23529411764705882,
            "recall": 0.8076923076923077,
            "f1-score": 0.3644251626898048,
            "support": 104.0
        },
        "accuracy": 0.8159547738693468,
        "macro avg": {
            "precision": 0.6095498928316265,
            "recall": 0.812112282878412,
            "f1-score": 0.62841162651567,
            "support": 1592.0
        },
        "weighted avg": {
            "precision": 0.9349079285448438,
            "recall": 0.8159547738693468,
            "f1-score": 0.8579073965753417,
            "support": 1592.0
        }
    }
}