{
    "Confusion Matrix": [
        [
            1210,
            278
        ],
        [
            19,
            86
        ]
    ],
    "Accuracy": 0.8135593220338984,
    "Precision": 0.23626373626373626,
    "Recall": 0.819047619047619,
    "F1": 0.36673773987206826,
    "MCC": 0.373626335292346,
    "AUC": 0.8937275985663082,
    "AUPR": 0.6586289428670639,
    "FP Rate": 0.1868279569892473,
    "FN Rate": 0.18095238095238095,
    "Class Report": {
        "0": {
            "precision": 0.9845402766476811,
            "recall": 0.8131720430107527,
            "f1-score": 0.8906882591093117,
            "support": 1488.0
        },
        "1": {
            "precision": 0.23626373626373626,
            "recall": 0.819047619047619,
            "f1-score": 0.36673773987206826,
            "support": 105.0
        },
        "accuracy": 0.8135593220338984,
        "macro avg": {
            "precision": 0.6104020064557086,
            "recall": 0.8161098310291859,
            "f1-score": 0.6287129994906899,
            "support": 1593.0
        },
        "weighted avg": {
            "precision": 0.9352188474321669,
            "recall": 0.8135593220338984,
            "f1-score": 0.8561529141501714,
            "support": 1593.0
        }
    }
}