{
    "Confusion Matrix": [
        [
            1211,
            276
        ],
        [
            14,
            91
        ]
    ],
    "Accuracy": 0.8178391959798995,
    "Precision": 0.24795640326975477,
    "Recall": 0.8666666666666667,
    "F1": 0.3855932203389831,
    "MCC": 0.4013591732970136,
    "AUC": 0.9063630832292568,
    "AUPR": 0.6357454995892834,
    "FP Rate": 0.18560860793544048,
    "FN Rate": 0.13333333333333333,
    "Class Report": {
        "0": {
            "precision": 0.9885714285714285,
            "recall": 0.8143913920645595,
            "f1-score": 0.8930678466076696,
            "support": 1487.0
        },
        "1": {
            "precision": 0.24795640326975477,
            "recall": 0.8666666666666667,
            "f1-score": 0.3855932203389831,
            "support": 105.0
        },
        "accuracy": 0.8178391959798995,
        "macro avg": {
            "precision": 0.6182639159205916,
            "recall": 0.8405290293656131,
            "f1-score": 0.6393305334733264,
            "support": 1592.0
        },
        "weighted avg": {
            "precision": 0.9397243320534161,
            "recall": 0.8178391959798995,
            "f1-score": 0.8595974723876871,
            "support": 1592.0
        }
    }
}