{
    "Confusion Matrix": [
        [
            1213,
            275
        ],
        [
            21,
            84
        ]
    ],
    "Accuracy": 0.8141870684243565,
    "Precision": 0.233983286908078,
    "Recall": 0.8,
    "F1": 0.3620689655172414,
    "MCC": 0.36534173582893265,
    "AUC": 0.8920698924731183,
    "AUPR": 0.596642630826532,
    "FP Rate": 0.18481182795698925,
    "FN Rate": 0.2,
    "Class Report": {
        "0": {
            "precision": 0.9829821717990276,
            "recall": 0.8151881720430108,
            "f1-score": 0.8912564290962528,
            "support": 1488.0
        },
        "1": {
            "precision": 0.233983286908078,
            "recall": 0.8,
            "f1-score": 0.3620689655172414,
            "support": 105.0
        },
        "accuracy": 0.8141870684243565,
        "macro avg": {
            "precision": 0.6084827293535527,
            "recall": 0.8075940860215054,
            "f1-score": 0.6266626973067471,
            "support": 1593.0
        },
        "weighted avg": {
            "precision": 0.9336131304220345,
            "recall": 0.8141870684243565,
            "f1-score": 0.8563758994818169,
            "support": 1593.0
        }
    }
}