{
    "Confusion Matrix": [
        [
            1183,
            304
        ],
        [
            10,
            95
        ]
    ],
    "Accuracy": 0.8027638190954773,
    "Precision": 0.23809523809523808,
    "Recall": 0.9047619047619048,
    "F1": 0.376984126984127,
    "MCC": 0.4010902689209728,
    "AUC": 0.9323598168251833,
    "AUPR": 0.7054688052468316,
    "FP Rate": 0.20443846671149965,
    "FN Rate": 0.09523809523809523,
    "Class Report": {
        "0": {
            "precision": 0.991617770326907,
            "recall": 0.7955615332885003,
            "f1-score": 0.8828358208955224,
            "support": 1487.0
        },
        "1": {
            "precision": 0.23809523809523808,
            "recall": 0.9047619047619048,
            "f1-score": 0.376984126984127,
            "support": 105.0
        },
        "accuracy": 0.8027638190954773,
        "macro avg": {
            "precision": 0.6148565042110725,
            "recall": 0.8501617190252025,
            "f1-score": 0.6299099739398246,
            "support": 1592.0
        },
        "weighted avg": {
            "precision": 0.9419193621081098,
            "recall": 0.8027638190954773,
            "f1-score": 0.8494724868121704,
            "support": 1592.0
        }
    }
}