{
    "Confusion Matrix": [
        [
            1202,
            285
        ],
        [
            13,
            92
        ]
    ],
    "Accuracy": 0.8128140703517588,
    "Precision": 0.2440318302387268,
    "Recall": 0.8761904761904762,
    "F1": 0.3817427385892116,
    "MCC": 0.3996533280709437,
    "AUC": 0.9227847695904186,
    "AUPR": 0.6163347146334417,
    "FP Rate": 0.19166106254203094,
    "FN Rate": 0.12380952380952381,
    "Class Report": {
        "0": {
            "precision": 0.9893004115226337,
            "recall": 0.808338937457969,
            "f1-score": 0.8897113249444856,
            "support": 1487.0
        },
        "1": {
            "precision": 0.2440318302387268,
            "recall": 0.8761904761904762,
            "f1-score": 0.3817427385892116,
            "support": 105.0
        },
        "accuracy": 0.8128140703517588,
        "macro avg": {
            "precision": 0.6166661208806803,
            "recall": 0.8422647068242226,
            "f1-score": 0.6357270317668486,
            "support": 1592.0
        },
        "weighted avg": {
            "precision": 0.9401463907721248,
            "recall": 0.8128140703517588,
            "f1-score": 0.8562083716986917,
            "support": 1592.0
        }
    }
}