{
    "Confusion Matrix": [
        [
            1193,
            295
        ],
        [
            15,
            89
        ]
    ],
    "Accuracy": 0.8052763819095478,
    "Precision": 0.23177083333333334,
    "Recall": 0.8557692307692307,
    "F1": 0.36475409836065575,
    "MCC": 0.3797744467484679,
    "AUC": 0.9111998552522745,
    "AUPR": 0.6182587224886421,
    "FP Rate": 0.198252688172043,
    "FN Rate": 0.14423076923076922,
    "Class Report": {
        "0": {
            "precision": 0.9875827814569537,
            "recall": 0.801747311827957,
            "f1-score": 0.8850148367952523,
            "support": 1488.0
        },
        "1": {
            "precision": 0.23177083333333334,
            "recall": 0.8557692307692307,
            "f1-score": 0.36475409836065575,
            "support": 104.0
        },
        "accuracy": 0.8052763819095478,
        "macro avg": {
            "precision": 0.6096768073951435,
            "recall": 0.8287582712985939,
            "f1-score": 0.624884467577954,
            "support": 1592.0
        },
        "weighted avg": {
            "precision": 0.9382081315795313,
            "recall": 0.8052763819095478,
            "f1-score": 0.851027954384952,
            "support": 1592.0
        }
    }
}