{
    "Confusion Matrix": [
        [
            0,
            5
        ],
        [
            1,
            49
        ]
    ],
    "Accuracy": 0.8909090909090909,
    "Precision": 0.9074074074074074,
    "Recall": 0.98,
    "F1": 0.9423076923076923,
    "MCC": -0.04303314829119352,
    "AUC": 0.5599999999999999,
    "AUPR": 0.9313594129450561,
    "FP Rate": 1.0,
    "FN Rate": 0.02,
    "Class Report": {
        "0": {
            "precision": 0.0,
            "recall": 0.0,
            "f1-score": 0.0,
            "support": 5.0
        },
        "1": {
            "precision": 0.9074074074074074,
            "recall": 0.98,
            "f1-score": 0.9423076923076923,
            "support": 50.0
        },
        "accuracy": 0.8909090909090909,
        "macro avg": {
            "precision": 0.4537037037037037,
            "recall": 0.49,
            "f1-score": 0.47115384615384615,
            "support": 55.0
        },
        "weighted avg": {
            "precision": 0.8249158249158249,
            "recall": 0.8909090909090909,
            "f1-score": 0.8566433566433566,
            "support": 55.0
        }
    }
}