{
    "Confusion Matrix": [
        [
            1,
            4
        ],
        [
            0,
            50
        ]
    ],
    "Accuracy": 0.9272727272727272,
    "Precision": 0.9259259259259259,
    "Recall": 1.0,
    "F1": 0.9615384615384616,
    "MCC": 0.43033148291193524,
    "AUC": 0.608,
    "AUPR": 0.9461474506512528,
    "FP Rate": 0.8,
    "FN Rate": 0.0,
    "Class Report": {
        "0": {
            "precision": 1.0,
            "recall": 0.2,
            "f1-score": 0.3333333333333333,
            "support": 5.0
        },
        "1": {
            "precision": 0.9259259259259259,
            "recall": 1.0,
            "f1-score": 0.9615384615384616,
            "support": 50.0
        },
        "accuracy": 0.9272727272727272,
        "macro avg": {
            "precision": 0.962962962962963,
            "recall": 0.6,
            "f1-score": 0.6474358974358975,
            "support": 55.0
        },
        "weighted avg": {
            "precision": 0.9326599326599326,
            "recall": 0.9272727272727272,
            "f1-score": 0.9044289044289044,
            "support": 55.0
        }
    }
}