{
    "Confusion Matrix": [
        [
            0,
            5
        ],
        [
            1,
            50
        ]
    ],
    "Accuracy": 0.8928571428571429,
    "Precision": 0.9090909090909091,
    "Recall": 0.9803921568627451,
    "F1": 0.9433962264150944,
    "MCC": -0.04222003309207491,
    "AUC": 0.4627450980392157,
    "AUPR": 0.8789257326754452,
    "FP Rate": 1.0,
    "FN Rate": 0.0196078431372549,
    "Class Report": {
        "0": {
            "precision": 0.0,
            "recall": 0.0,
            "f1-score": 0.0,
            "support": 5.0
        },
        "1": {
            "precision": 0.9090909090909091,
            "recall": 0.9803921568627451,
            "f1-score": 0.9433962264150944,
            "support": 51.0
        },
        "accuracy": 0.8928571428571429,
        "macro avg": {
            "precision": 0.45454545454545453,
            "recall": 0.49019607843137253,
            "f1-score": 0.4716981132075472,
            "support": 56.0
        },
        "weighted avg": {
            "precision": 0.8279220779220778,
            "recall": 0.8928571428571429,
            "f1-score": 0.8591644204851753,
            "support": 56.0
        }
    }
}