{
    "Confusion Matrix": [
        [
            0,
            5
        ],
        [
            0,
            50
        ]
    ],
    "Accuracy": 0.9090909090909091,
    "Precision": 0.9090909090909091,
    "Recall": 1.0,
    "F1": 0.9523809523809523,
    "MCC": 0.0,
    "AUC": 0.488,
    "AUPR": 0.9135672519906797,
    "FP Rate": 1.0,
    "FN Rate": 0.0,
    "Class Report": {
        "0": {
            "precision": 0.0,
            "recall": 0.0,
            "f1-score": 0.0,
            "support": 5.0
        },
        "1": {
            "precision": 0.9090909090909091,
            "recall": 1.0,
            "f1-score": 0.9523809523809523,
            "support": 50.0
        },
        "accuracy": 0.9090909090909091,
        "macro avg": {
            "precision": 0.45454545454545453,
            "recall": 0.5,
            "f1-score": 0.47619047619047616,
            "support": 55.0
        },
        "weighted avg": {
            "precision": 0.8264462809917356,
            "recall": 0.9090909090909091,
            "f1-score": 0.8658008658008657,
            "support": 55.0
        }
    }
}