{
    "Confusion Matrix": [
        [
            0,
            5
        ],
        [
            0,
            51
        ]
    ],
    "Accuracy": 0.9107142857142857,
    "Precision": 0.9107142857142857,
    "Recall": 1.0,
    "F1": 0.9532710280373832,
    "MCC": 0.0,
    "AUC": 0.21568627450980393,
    "AUPR": 0.8459662653622495,
    "FP Rate": 1.0,
    "FN Rate": 0.0,
    "Class Report": {
        "0": {
            "precision": 0.0,
            "recall": 0.0,
            "f1-score": 0.0,
            "support": 5.0
        },
        "1": {
            "precision": 0.9107142857142857,
            "recall": 1.0,
            "f1-score": 0.9532710280373832,
            "support": 51.0
        },
        "accuracy": 0.9107142857142857,
        "macro avg": {
            "precision": 0.45535714285714285,
            "recall": 0.5,
            "f1-score": 0.4766355140186916,
            "support": 56.0
        },
        "weighted avg": {
            "precision": 0.8294005102040816,
            "recall": 0.9107142857142857,
            "f1-score": 0.8681575433911882,
            "support": 56.0
        }
    }
}