{
    "Confusion Matrix": [
        [
            146,
            42
        ],
        [
            48,
            56
        ]
    ],
    "Accuracy": 0.6917808219178082,
    "Precision": 0.5714285714285714,
    "Recall": 0.5384615384615384,
    "F1": 0.5544554455445545,
    "MCC": 0.31950025938282617,
    "AUC": 0.7407937806873977,
    "AUPR": 0.6231452539983984,
    "FP Rate": 0.22340425531914893,
    "FN Rate": 0.46153846153846156,
    "Class Report": {
        "0": {
            "precision": 0.7525773195876289,
            "recall": 0.776595744680851,
            "f1-score": 0.7643979057591623,
            "support": 188.0
        },
        "1": {
            "precision": 0.5714285714285714,
            "recall": 0.5384615384615384,
            "f1-score": 0.5544554455445545,
            "support": 104.0
        },
        "accuracy": 0.6917808219178082,
        "macro avg": {
            "precision": 0.6620029455081001,
            "recall": 0.6575286415711947,
            "f1-score": 0.6594266756518584,
            "support": 292.0
        },
        "weighted avg": {
            "precision": 0.6880585873665946,
            "recall": 0.6917808219178082,
            "f1-score": 0.6896238788334116,
            "support": 292.0
        }
    }
}