{
    "Confusion Matrix": [
        [
            144,
            44
        ],
        [
            47,
            57
        ]
    ],
    "Accuracy": 0.6883561643835616,
    "Precision": 0.5643564356435643,
    "Recall": 0.5480769230769231,
    "F1": 0.5560975609756098,
    "MCC": 0.3161516162227143,
    "AUC": 0.7519946808510638,
    "AUPR": 0.5924449713567733,
    "FP Rate": 0.23404255319148937,
    "FN Rate": 0.4519230769230769,
    "Class Report": {
        "0": {
            "precision": 0.7539267015706806,
            "recall": 0.7659574468085106,
            "f1-score": 0.7598944591029023,
            "support": 188.0
        },
        "1": {
            "precision": 0.5643564356435643,
            "recall": 0.5480769230769231,
            "f1-score": 0.5560975609756098,
            "support": 104.0
        },
        "accuracy": 0.6883561643835616,
        "macro avg": {
            "precision": 0.6591415686071225,
            "recall": 0.6570171849427169,
            "f1-score": 0.6579960100392561,
            "support": 292.0
        },
        "weighted avg": {
            "precision": 0.6864085246651324,
            "recall": 0.6883561643835616,
            "f1-score": 0.68730926250962,
            "support": 292.0
        }
    }
}