{
    "Confusion Matrix": [
        [
            136,
            52
        ],
        [
            45,
            59
        ]
    ],
    "Accuracy": 0.6678082191780822,
    "Precision": 0.5315315315315315,
    "Recall": 0.5673076923076923,
    "F1": 0.5488372093023256,
    "MCC": 0.2867858359284199,
    "AUC": 0.7035597381342061,
    "AUPR": 0.5879680717437787,
    "FP Rate": 0.2765957446808511,
    "FN Rate": 0.4326923076923077,
    "Class Report": {
        "0": {
            "precision": 0.7513812154696132,
            "recall": 0.723404255319149,
            "f1-score": 0.7371273712737128,
            "support": 188.0
        },
        "1": {
            "precision": 0.5315315315315315,
            "recall": 0.5673076923076923,
            "f1-score": 0.5488372093023256,
            "support": 104.0
        },
        "accuracy": 0.6678082191780822,
        "macro avg": {
            "precision": 0.6414563735005724,
            "recall": 0.6453559738134207,
            "f1-score": 0.6429822902880191,
            "support": 292.0
        },
        "weighted avg": {
            "precision": 0.6730785883135841,
            "recall": 0.6678082191780822,
            "f1-score": 0.6700651218044515,
            "support": 292.0
        }
    }
}