{
    "Confusion Matrix": [
        [
            148,
            40
        ],
        [
            40,
            64
        ]
    ],
    "Accuracy": 0.726027397260274,
    "Precision": 0.6153846153846154,
    "Recall": 0.6153846153846154,
    "F1": 0.6153846153846154,
    "MCC": 0.4026186579378069,
    "AUC": 0.7815568739770867,
    "AUPR": 0.6390821456055648,
    "FP Rate": 0.2127659574468085,
    "FN Rate": 0.38461538461538464,
    "Class Report": {
        "0": {
            "precision": 0.7872340425531915,
            "recall": 0.7872340425531915,
            "f1-score": 0.7872340425531915,
            "support": 188.0
        },
        "1": {
            "precision": 0.6153846153846154,
            "recall": 0.6153846153846154,
            "f1-score": 0.6153846153846154,
            "support": 104.0
        },
        "accuracy": 0.726027397260274,
        "macro avg": {
            "precision": 0.7013093289689034,
            "recall": 0.7013093289689034,
            "f1-score": 0.7013093289689034,
            "support": 292.0
        },
        "weighted avg": {
            "precision": 0.726027397260274,
            "recall": 0.726027397260274,
            "f1-score": 0.726027397260274,
            "support": 292.0
        }
    }
}