{
    "Confusion Matrix": [
        [
            153,
            35
        ],
        [
            38,
            66
        ]
    ],
    "Accuracy": 0.75,
    "Precision": 0.6534653465346535,
    "Recall": 0.6346153846153846,
    "F1": 0.6439024390243903,
    "MCC": 0.45146862720533537,
    "AUC": 0.800531914893617,
    "AUPR": 0.7062587752476952,
    "FP Rate": 0.18617021276595744,
    "FN Rate": 0.36538461538461536,
    "Class Report": {
        "0": {
            "precision": 0.8010471204188482,
            "recall": 0.8138297872340425,
            "f1-score": 0.8073878627968337,
            "support": 188.0
        },
        "1": {
            "precision": 0.6534653465346535,
            "recall": 0.6346153846153846,
            "f1-score": 0.6439024390243903,
            "support": 104.0
        },
        "accuracy": 0.75,
        "macro avg": {
            "precision": 0.7272562334767508,
            "recall": 0.7242225859247136,
            "f1-score": 0.725645150910612,
            "support": 292.0
        },
        "weighted avg": {
            "precision": 0.74848374889845,
            "recall": 0.75,
            "f1-score": 0.7491601776176073,
            "support": 292.0
        }
    }
}