{
    "Confusion Matrix": [
        [
            162,
            25
        ],
        [
            64,
            41
        ]
    ],
    "Accuracy": 0.6952054794520548,
    "Precision": 0.6212121212121212,
    "Recall": 0.3904761904761905,
    "F1": 0.47953216374269003,
    "MCC": 0.29461930534218833,
    "AUC": 0.7575248281130633,
    "AUPR": 0.6487010366506991,
    "FP Rate": 0.13368983957219252,
    "FN Rate": 0.6095238095238096,
    "Class Report": {
        "0": {
            "precision": 0.7168141592920354,
            "recall": 0.8663101604278075,
            "f1-score": 0.784503631961259,
            "support": 187.0
        },
        "1": {
            "precision": 0.6212121212121212,
            "recall": 0.3904761904761905,
            "f1-score": 0.47953216374269003,
            "support": 105.0
        },
        "accuracy": 0.6952054794520548,
        "macro avg": {
            "precision": 0.6690131402520783,
            "recall": 0.628393175451999,
            "f1-score": 0.6320178978519746,
            "support": 292.0
        },
        "weighted avg": {
            "precision": 0.6824367140920664,
            "recall": 0.6952054794520548,
            "f1-score": 0.6748392341429379,
            "support": 292.0
        }
    }
}