{
    "Confusion Matrix": [
        [
            144,
            44
        ],
        [
            42,
            62
        ]
    ],
    "Accuracy": 0.7054794520547946,
    "Precision": 0.5849056603773585,
    "Recall": 0.5961538461538461,
    "F1": 0.5904761904761905,
    "MCC": 0.3606021059110113,
    "AUC": 0.7670826513911619,
    "AUPR": 0.6480170147642808,
    "FP Rate": 0.23404255319148937,
    "FN Rate": 0.40384615384615385,
    "Class Report": {
        "0": {
            "precision": 0.7741935483870968,
            "recall": 0.7659574468085106,
            "f1-score": 0.7700534759358288,
            "support": 188.0
        },
        "1": {
            "precision": 0.5849056603773585,
            "recall": 0.5961538461538461,
            "f1-score": 0.5904761904761905,
            "support": 104.0
        },
        "accuracy": 0.7054794520547946,
        "macro avg": {
            "precision": 0.6795496043822276,
            "recall": 0.6810556464811783,
            "f1-score": 0.6802648332060097,
            "support": 292.0
        },
        "weighted avg": {
            "precision": 0.7067759444384228,
            "recall": 0.7054794520547946,
            "f1-score": 0.7060944427584234,
            "support": 292.0
        }
    }
}