{
    "Confusion Matrix": [
        [
            158,
            30
        ],
        [
            36,
            68
        ]
    ],
    "Accuracy": 0.773972602739726,
    "Precision": 0.6938775510204082,
    "Recall": 0.6538461538461539,
    "F1": 0.6732673267326733,
    "MCC": 0.5012419653694208,
    "AUC": 0.8266162029459901,
    "AUPR": 0.7457564434172191,
    "FP Rate": 0.1595744680851064,
    "FN Rate": 0.34615384615384615,
    "Class Report": {
        "0": {
            "precision": 0.8144329896907216,
            "recall": 0.8404255319148937,
            "f1-score": 0.8272251308900523,
            "support": 188.0
        },
        "1": {
            "precision": 0.6938775510204082,
            "recall": 0.6538461538461539,
            "f1-score": 0.6732673267326733,
            "support": 104.0
        },
        "accuracy": 0.773972602739726,
        "macro avg": {
            "precision": 0.754155270355565,
            "recall": 0.7471358428805237,
            "f1-score": 0.7502462288113628,
            "support": 292.0
        },
        "weighted avg": {
            "precision": 0.7714954361917059,
            "recall": 0.773972602739726,
            "f1-score": 0.7723908444778351,
            "support": 292.0
        }
    }
}