{
    "Confusion Matrix": [
        [
            164,
            24
        ],
        [
            41,
            63
        ]
    ],
    "Accuracy": 0.7773972602739726,
    "Precision": 0.7241379310344828,
    "Recall": 0.6057692307692307,
    "F1": 0.6596858638743456,
    "MCC": 0.5005950519744378,
    "AUC": 0.8081526186579377,
    "AUPR": 0.7496702106516115,
    "FP Rate": 0.1276595744680851,
    "FN Rate": 0.3942307692307692,
    "Class Report": {
        "0": {
            "precision": 0.8,
            "recall": 0.8723404255319149,
            "f1-score": 0.8346055979643766,
            "support": 188.0
        },
        "1": {
            "precision": 0.7241379310344828,
            "recall": 0.6057692307692307,
            "f1-score": 0.6596858638743456,
            "support": 104.0
        },
        "accuracy": 0.7773972602739726,
        "macro avg": {
            "precision": 0.7620689655172415,
            "recall": 0.7390548281505729,
            "f1-score": 0.7471457309193611,
            "support": 292.0
        },
        "weighted avg": {
            "precision": 0.7729806329711856,
            "recall": 0.7773972602739726,
            "f1-score": 0.7723054186994341,
            "support": 292.0
        }
    }
}