{
    "Confusion Matrix": [
        [
            149,
            39
        ],
        [
            46,
            58
        ]
    ],
    "Accuracy": 0.708904109589041,
    "Precision": 0.5979381443298969,
    "Recall": 0.5576923076923077,
    "F1": 0.5771144278606966,
    "MCC": 0.3560942693290816,
    "AUC": 0.7557794599018003,
    "AUPR": 0.6411637945249706,
    "FP Rate": 0.2074468085106383,
    "FN Rate": 0.4423076923076923,
    "Class Report": {
        "0": {
            "precision": 0.764102564102564,
            "recall": 0.7925531914893617,
            "f1-score": 0.7780678851174935,
            "support": 188.0
        },
        "1": {
            "precision": 0.5979381443298969,
            "recall": 0.5576923076923077,
            "f1-score": 0.5771144278606966,
            "support": 104.0
        },
        "accuracy": 0.708904109589041,
        "macro avg": {
            "precision": 0.6810203542162305,
            "recall": 0.6751227495908347,
            "f1-score": 0.6775911564890951,
            "support": 292.0
        },
        "weighted avg": {
            "precision": 0.7049207159643538,
            "recall": 0.708904109589041,
            "f1-score": 0.7064954208890452,
            "support": 292.0
        }
    }
}